family,policy,budget,n,success,tokens
facts,B0,1000000000,100,0.58,2997.99
facts,B2,1000,100,0.57,978.19
facts,B2,2000,100,0.57,1967.73
facts,B2,4000,100,0.58,2997.99
facts,B2,8000,100,0.58,2997.99
facts,B2S,1000,100,0.53,651.17
facts,B2S,2000,100,0.52,781.89
facts,B2S,4000,100,0.52,781.89
facts,B2S,8000,100,0.52,781.89
facts,B4,1000,100,0.45,954.36
facts,B4,2000,100,0.53,1928.31
facts,B4,4000,100,0.58,2997.99
facts,B4,8000,100,0.58,2997.99
facts,HYB,1000,100,0.53,625.26
facts,HYB,2000,100,0.53,742.36
facts,HYB,4000,100,0.53,742.36
facts,HYB,8000,100,0.53,742.36
facts,OURS,1000,100,0.54,989.21
facts,OURS,2000,100,0.57,1847.14
facts,OURS,4000,100,0.54,2071.95
facts,OURS,8000,100,0.54,2071.62
facts,OURS-A,1000,100,0.5,989.89
facts,OURS-A,2000,100,0.57,1848.08
facts,OURS-A,4000,100,0.54,2066.41
facts,OURS-A,8000,100,0.54,2066.41
history,B0,1000000000,100,1.0,2717.2
history,B2,1000,100,0.94,966.0
history,B2,2000,100,1.0,1962.03
history,B2,4000,100,1.0,2717.2
history,B2,8000,100,1.0,2717.2
history,B2S,1000,100,0.92,913.09
history,B2S,2000,100,0.94,1240.6
history,B2S,4000,100,0.94,1298.89
history,B2S,8000,100,0.94,1298.89
history,B4,1000,100,0.54,955.76
history,B4,2000,100,0.68,1949.27
history,B4,4000,100,1.0,2717.2
history,B4,8000,100,1.0,2717.2
history,HYB,1000,100,0.91,900.51
history,HYB,2000,100,0.94,1166.25
history,HYB,4000,100,0.94,1211.86
history,HYB,8000,100,0.94,1211.86
history,OURS,1000,100,0.64,989.85
history,OURS,2000,100,0.99,1969.42
history,OURS,4000,100,1.0,2528.85
history,OURS,8000,100,1.0,2528.85
history,OURS-A,1000,100,0.64,991.16
history,OURS-A,2000,100,0.99,1976.43
history,OURS-A,4000,100,1.0,2528.89
history,OURS-A,8000,100,1.0,2528.89
tool,B0,1000000000,100,0.9,4239.67
tool,B2,1000,100,0.91,973.55
tool,B2,2000,100,0.91,1971.83
tool,B2,4000,100,0.9,3951.77
tool,B2,8000,100,0.9,4239.67
tool,B2S,1000,100,0.92,646.1
tool,B2S,2000,100,0.92,701.58
tool,B2S,4000,100,0.92,704.95
tool,B2S,8000,100,0.92,704.95
tool,B4,1000,100,0.62,963.09
tool,B4,2000,100,0.81,1957.01
tool,B4,4000,100,0.89,3937.4
tool,B4,8000,100,0.9,4239.67
tool,HYB,1000,100,0.91,565.99
tool,HYB,2000,100,0.91,607.21
tool,HYB,4000,100,0.91,608.84
tool,HYB,8000,100,0.91,608.84
tool,OURS,1000,100,0.92,991.37
tool,OURS,2000,100,0.91,1933.58
tool,OURS,4000,100,0.91,2748.67
tool,OURS,8000,100,0.91,2758.85
tool,OURS-A,1000,100,0.91,991.63
tool,OURS-A,2000,100,0.91,1930.33
tool,OURS-A,4000,100,0.91,2734.85
tool,OURS-A,8000,100,0.91,2741.79
