model,family,policy,n,aubc,lo,hi
qwen3:4b-instruct,facts,B0,20,0.45,0.25,0.65
qwen3:4b-instruct,facts,B1,20,0.3166666666666667,0.15,0.4916666666666667
qwen3:4b-instruct,facts,B2,20,0.41666666666666663,0.21666666666666665,0.6333333333333333
qwen3:4b-instruct,facts,B3,20,0.4,0.2166666666666667,0.5916666666666667
qwen3:4b-instruct,facts,B4,20,0.4166666666666667,0.23333333333333334,0.6083333333333334
qwen3:4b-instruct,facts,B5,20,0.35833333333333334,0.19166666666666668,0.5333333333333334
qwen3:4b-instruct,facts,OURS,20,0.4,0.2,0.6083333333333334
qwen3:4b-instruct,facts,OURS-A,20,0.3833333333333333,0.18333333333333335,0.6
qwen3:4b-instruct,history,B0,20,1.0,1.0,1.0
qwen3:4b-instruct,history,B1,20,0.9,0.8416666666666668,0.95
qwen3:4b-instruct,history,B2,20,0.975,0.9499999999999998,1.0
qwen3:4b-instruct,history,B3,20,0.9083333333333332,0.875,0.9416666666666668
qwen3:4b-instruct,history,B4,20,0.825,0.7333333333333334,0.9083333333333334
qwen3:4b-instruct,history,B5,20,0.9,0.8416666666666668,0.95
qwen3:4b-instruct,history,OURS,20,0.925,0.8666666666666666,0.975
qwen3:4b-instruct,history,OURS-A,20,0.925,0.8666666666666666,0.975
qwen3:4b-instruct,tool,B0,20,0.9,0.75,1.0
qwen3:4b-instruct,tool,B1,20,0.6166666666666667,0.4916666666666667,0.7416666666666666
qwen3:4b-instruct,tool,B2,20,0.925,0.8,1.0
qwen3:4b-instruct,tool,B3,20,0.5,0.3916666666666667,0.6000000000000001
qwen3:4b-instruct,tool,B4,20,0.8583333333333334,0.7333333333333333,0.9583333333333333
qwen3:4b-instruct,tool,B5,20,0.575,0.4416666666666667,0.7083333333333333
qwen3:4b-instruct,tool,OURS,20,0.95,0.85,1.0
qwen3:4b-instruct,tool,OURS-A,20,0.95,0.85,1.0
