model,family,policy,iid,aubc
qwen3:4b-instruct,facts,B0,facts-0222,0.0
qwen3:4b-instruct,facts,B0,facts-0229,0.0
qwen3:4b-instruct,facts,B0,facts-0233,1.0
qwen3:4b-instruct,facts,B0,facts-0243,1.0
qwen3:4b-instruct,facts,B0,facts-0248,0.0
qwen3:4b-instruct,facts,B0,facts-0249,0.0
qwen3:4b-instruct,facts,B0,facts-0255,1.0
qwen3:4b-instruct,facts,B0,facts-0260,0.0
qwen3:4b-instruct,facts,B0,facts-0263,0.0
qwen3:4b-instruct,facts,B0,facts-0265,0.0
qwen3:4b-instruct,facts,B0,facts-0267,0.0
qwen3:4b-instruct,facts,B0,facts-0273,1.0
qwen3:4b-instruct,facts,B0,facts-0274,0.0
qwen3:4b-instruct,facts,B0,facts-0278,1.0
qwen3:4b-instruct,facts,B0,facts-0280,0.0
qwen3:4b-instruct,facts,B0,facts-0290,1.0
qwen3:4b-instruct,facts,B0,facts-0291,1.0
qwen3:4b-instruct,facts,B0,facts-0295,1.0
qwen3:4b-instruct,facts,B0,facts-0297,1.0
qwen3:4b-instruct,facts,B0,facts-0299,0.0
qwen3:4b-instruct,facts,B1,facts-0222,0.0
qwen3:4b-instruct,facts,B1,facts-0229,0.0
qwen3:4b-instruct,facts,B1,facts-0233,0.5
qwen3:4b-instruct,facts,B1,facts-0243,0.5
qwen3:4b-instruct,facts,B1,facts-0248,0.0
qwen3:4b-instruct,facts,B1,facts-0249,0.0
qwen3:4b-instruct,facts,B1,facts-0255,0.8333333333333334
qwen3:4b-instruct,facts,B1,facts-0260,0.0
qwen3:4b-instruct,facts,B1,facts-0263,0.0
qwen3:4b-instruct,facts,B1,facts-0265,0.0
qwen3:4b-instruct,facts,B1,facts-0267,0.0
qwen3:4b-instruct,facts,B1,facts-0273,0.5
qwen3:4b-instruct,facts,B1,facts-0274,0.0
qwen3:4b-instruct,facts,B1,facts-0278,1.0
qwen3:4b-instruct,facts,B1,facts-0280,0.0
qwen3:4b-instruct,facts,B1,facts-0290,1.0
qwen3:4b-instruct,facts,B1,facts-0291,0.5
qwen3:4b-instruct,facts,B1,facts-0295,1.0
qwen3:4b-instruct,facts,B1,facts-0297,0.5
qwen3:4b-instruct,facts,B1,facts-0299,0.0
qwen3:4b-instruct,facts,B2,facts-0222,0.0
qwen3:4b-instruct,facts,B2,facts-0229,0.0
qwen3:4b-instruct,facts,B2,facts-0233,1.0
qwen3:4b-instruct,facts,B2,facts-0243,1.0
qwen3:4b-instruct,facts,B2,facts-0248,0.0
qwen3:4b-instruct,facts,B2,facts-0249,0.0
qwen3:4b-instruct,facts,B2,facts-0255,1.0
qwen3:4b-instruct,facts,B2,facts-0260,0.0
qwen3:4b-instruct,facts,B2,facts-0263,0.0
qwen3:4b-instruct,facts,B2,facts-0265,0.0
qwen3:4b-instruct,facts,B2,facts-0267,0.0
qwen3:4b-instruct,facts,B2,facts-0273,0.6666666666666666
qwen3:4b-instruct,facts,B2,facts-0274,0.0
qwen3:4b-instruct,facts,B2,facts-0278,1.0
qwen3:4b-instruct,facts,B2,facts-0280,0.0
qwen3:4b-instruct,facts,B2,facts-0290,1.0
qwen3:4b-instruct,facts,B2,facts-0291,0.6666666666666666
qwen3:4b-instruct,facts,B2,facts-0295,1.0
qwen3:4b-instruct,facts,B2,facts-0297,1.0
qwen3:4b-instruct,facts,B2,facts-0299,0.0
qwen3:4b-instruct,facts,B3,facts-0222,0.0
qwen3:4b-instruct,facts,B3,facts-0229,0.0
qwen3:4b-instruct,facts,B3,facts-0233,0.8333333333333334
qwen3:4b-instruct,facts,B3,facts-0243,1.0
qwen3:4b-instruct,facts,B3,facts-0248,0.0
qwen3:4b-instruct,facts,B3,facts-0249,0.0
qwen3:4b-instruct,facts,B3,facts-0255,1.0
qwen3:4b-instruct,facts,B3,facts-0260,0.0
qwen3:4b-instruct,facts,B3,facts-0263,0.0
qwen3:4b-instruct,facts,B3,facts-0265,0.0
qwen3:4b-instruct,facts,B3,facts-0267,0.0
qwen3:4b-instruct,facts,B3,facts-0273,0.5
qwen3:4b-instruct,facts,B3,facts-0274,0.5
qwen3:4b-instruct,facts,B3,facts-0278,0.8333333333333334
qwen3:4b-instruct,facts,B3,facts-0280,0.0
qwen3:4b-instruct,facts,B3,facts-0290,0.8333333333333334
qwen3:4b-instruct,facts,B3,facts-0291,0.5
qwen3:4b-instruct,facts,B3,facts-0295,1.0
qwen3:4b-instruct,facts,B3,facts-0297,1.0
qwen3:4b-instruct,facts,B3,facts-0299,0.0
qwen3:4b-instruct,facts,B4,facts-0222,0.0
qwen3:4b-instruct,facts,B4,facts-0229,0.0
qwen3:4b-instruct,facts,B4,facts-0233,1.0
qwen3:4b-instruct,facts,B4,facts-0243,0.8333333333333334
qwen3:4b-instruct,facts,B4,facts-0248,0.0
qwen3:4b-instruct,facts,B4,facts-0249,0.0
qwen3:4b-instruct,facts,B4,facts-0255,1.0
qwen3:4b-instruct,facts,B4,facts-0260,0.0
qwen3:4b-instruct,facts,B4,facts-0263,0.5
qwen3:4b-instruct,facts,B4,facts-0265,0.0
qwen3:4b-instruct,facts,B4,facts-0267,0.0
qwen3:4b-instruct,facts,B4,facts-0273,0.8333333333333334
qwen3:4b-instruct,facts,B4,facts-0274,0.0
qwen3:4b-instruct,facts,B4,facts-0278,0.6666666666666666
qwen3:4b-instruct,facts,B4,facts-0280,0.0
qwen3:4b-instruct,facts,B4,facts-0290,0.8333333333333334
qwen3:4b-instruct,facts,B4,facts-0291,0.8333333333333334
qwen3:4b-instruct,facts,B4,facts-0295,1.0
qwen3:4b-instruct,facts,B4,facts-0297,0.8333333333333334
qwen3:4b-instruct,facts,B4,facts-0299,0.0
qwen3:4b-instruct,facts,B5,facts-0222,0.0
qwen3:4b-instruct,facts,B5,facts-0229,0.0
qwen3:4b-instruct,facts,B5,facts-0233,1.0
qwen3:4b-instruct,facts,B5,facts-0243,0.8333333333333334
qwen3:4b-instruct,facts,B5,facts-0248,0.0
qwen3:4b-instruct,facts,B5,facts-0249,0.0
qwen3:4b-instruct,facts,B5,facts-0255,0.8333333333333334
qwen3:4b-instruct,facts,B5,facts-0260,0.0
qwen3:4b-instruct,facts,B5,facts-0263,0.5
qwen3:4b-instruct,facts,B5,facts-0265,0.0
qwen3:4b-instruct,facts,B5,facts-0267,0.0
qwen3:4b-instruct,facts,B5,facts-0273,0.5
qwen3:4b-instruct,facts,B5,facts-0274,0.0
qwen3:4b-instruct,facts,B5,facts-0278,0.5
qwen3:4b-instruct,facts,B5,facts-0280,0.0
qwen3:4b-instruct,facts,B5,facts-0290,0.5
qwen3:4b-instruct,facts,B5,facts-0291,0.5
qwen3:4b-instruct,facts,B5,facts-0295,1.0
qwen3:4b-instruct,facts,B5,facts-0297,1.0
qwen3:4b-instruct,facts,B5,facts-0299,0.0
qwen3:4b-instruct,facts,OURS,facts-0222,0.0
qwen3:4b-instruct,facts,OURS,facts-0229,0.0
qwen3:4b-instruct,facts,OURS,facts-0233,1.0
qwen3:4b-instruct,facts,OURS,facts-0243,1.0
qwen3:4b-instruct,facts,OURS,facts-0248,0.0
qwen3:4b-instruct,facts,OURS,facts-0249,0.0
qwen3:4b-instruct,facts,OURS,facts-0255,1.0
qwen3:4b-instruct,facts,OURS,facts-0260,0.0
qwen3:4b-instruct,facts,OURS,facts-0263,0.16666666666666666
qwen3:4b-instruct,facts,OURS,facts-0265,0.0
qwen3:4b-instruct,facts,OURS,facts-0267,0.0
qwen3:4b-instruct,facts,OURS,facts-0273,0.8333333333333334
qwen3:4b-instruct,facts,OURS,facts-0274,0.0
qwen3:4b-instruct,facts,OURS,facts-0278,1.0
qwen3:4b-instruct,facts,OURS,facts-0280,0.0
qwen3:4b-instruct,facts,OURS,facts-0290,1.0
qwen3:4b-instruct,facts,OURS,facts-0291,0.0
qwen3:4b-instruct,facts,OURS,facts-0295,1.0
qwen3:4b-instruct,facts,OURS,facts-0297,1.0
qwen3:4b-instruct,facts,OURS,facts-0299,0.0
qwen3:4b-instruct,facts,OURS-A,facts-0222,0.0
qwen3:4b-instruct,facts,OURS-A,facts-0229,0.0
qwen3:4b-instruct,facts,OURS-A,facts-0233,1.0
qwen3:4b-instruct,facts,OURS-A,facts-0243,1.0
qwen3:4b-instruct,facts,OURS-A,facts-0248,0.0
qwen3:4b-instruct,facts,OURS-A,facts-0249,0.0
qwen3:4b-instruct,facts,OURS-A,facts-0255,1.0
qwen3:4b-instruct,facts,OURS-A,facts-0260,0.0
qwen3:4b-instruct,facts,OURS-A,facts-0263,0.16666666666666666
qwen3:4b-instruct,facts,OURS-A,facts-0265,0.0
qwen3:4b-instruct,facts,OURS-A,facts-0267,0.0
qwen3:4b-instruct,facts,OURS-A,facts-0273,0.5
qwen3:4b-instruct,facts,OURS-A,facts-0274,0.0
qwen3:4b-instruct,facts,OURS-A,facts-0278,1.0
qwen3:4b-instruct,facts,OURS-A,facts-0280,0.0
qwen3:4b-instruct,facts,OURS-A,facts-0290,1.0
qwen3:4b-instruct,facts,OURS-A,facts-0291,0.0
qwen3:4b-instruct,facts,OURS-A,facts-0295,1.0
qwen3:4b-instruct,facts,OURS-A,facts-0297,1.0
qwen3:4b-instruct,facts,OURS-A,facts-0299,0.0
qwen3:4b-instruct,history,B0,history-0193,1.0
qwen3:4b-instruct,history,B0,history-0195,1.0
qwen3:4b-instruct,history,B0,history-0203,1.0
qwen3:4b-instruct,history,B0,history-0204,1.0
qwen3:4b-instruct,history,B0,history-0206,1.0
qwen3:4b-instruct,history,B0,history-0208,1.0
qwen3:4b-instruct,history,B0,history-0215,1.0
qwen3:4b-instruct,history,B0,history-0217,1.0
qwen3:4b-instruct,history,B0,history-0221,1.0
qwen3:4b-instruct,history,B0,history-0252,1.0
qwen3:4b-instruct,history,B0,history-0254,1.0
qwen3:4b-instruct,history,B0,history-0255,1.0
qwen3:4b-instruct,history,B0,history-0259,1.0
qwen3:4b-instruct,history,B0,history-0263,1.0
qwen3:4b-instruct,history,B0,history-0272,1.0
qwen3:4b-instruct,history,B0,history-0273,1.0
qwen3:4b-instruct,history,B0,history-0278,1.0
qwen3:4b-instruct,history,B0,history-0279,1.0
qwen3:4b-instruct,history,B0,history-0287,1.0
qwen3:4b-instruct,history,B0,history-0294,1.0
qwen3:4b-instruct,history,B1,history-0193,0.8333333333333334
qwen3:4b-instruct,history,B1,history-0195,0.8333333333333334
qwen3:4b-instruct,history,B1,history-0203,0.8333333333333334
qwen3:4b-instruct,history,B1,history-0204,1.0
qwen3:4b-instruct,history,B1,history-0206,1.0
qwen3:4b-instruct,history,B1,history-0208,1.0
qwen3:4b-instruct,history,B1,history-0215,0.8333333333333334
qwen3:4b-instruct,history,B1,history-0217,1.0
qwen3:4b-instruct,history,B1,history-0221,0.8333333333333334
qwen3:4b-instruct,history,B1,history-0252,1.0
qwen3:4b-instruct,history,B1,history-0254,0.8333333333333334
qwen3:4b-instruct,history,B1,history-0255,1.0
qwen3:4b-instruct,history,B1,history-0259,1.0
qwen3:4b-instruct,history,B1,history-0263,1.0
qwen3:4b-instruct,history,B1,history-0272,1.0
qwen3:4b-instruct,history,B1,history-0273,0.8333333333333334
qwen3:4b-instruct,history,B1,history-0278,1.0
qwen3:4b-instruct,history,B1,history-0279,0.8333333333333334
qwen3:4b-instruct,history,B1,history-0287,0.8333333333333334
qwen3:4b-instruct,history,B1,history-0294,0.5
qwen3:4b-instruct,history,B2,history-0193,1.0
qwen3:4b-instruct,history,B2,history-0195,1.0
qwen3:4b-instruct,history,B2,history-0203,1.0
qwen3:4b-instruct,history,B2,history-0204,1.0
qwen3:4b-instruct,history,B2,history-0206,1.0
qwen3:4b-instruct,history,B2,history-0208,1.0
qwen3:4b-instruct,history,B2,history-0215,1.0
qwen3:4b-instruct,history,B2,history-0217,1.0
qwen3:4b-instruct,history,B2,history-0221,0.8333333333333334
qwen3:4b-instruct,history,B2,history-0252,1.0
qwen3:4b-instruct,history,B2,history-0254,1.0
qwen3:4b-instruct,history,B2,history-0255,0.8333333333333334
qwen3:4b-instruct,history,B2,history-0259,1.0
qwen3:4b-instruct,history,B2,history-0263,1.0
qwen3:4b-instruct,history,B2,history-0272,1.0
qwen3:4b-instruct,history,B2,history-0273,0.8333333333333334
qwen3:4b-instruct,history,B2,history-0278,1.0
qwen3:4b-instruct,history,B2,history-0279,1.0
qwen3:4b-instruct,history,B2,history-0287,1.0
qwen3:4b-instruct,history,B2,history-0294,1.0
qwen3:4b-instruct,history,B3,history-0193,1.0
qwen3:4b-instruct,history,B3,history-0195,0.8333333333333334
qwen3:4b-instruct,history,B3,history-0203,0.8333333333333334
qwen3:4b-instruct,history,B3,history-0204,0.8333333333333334
qwen3:4b-instruct,history,B3,history-0206,1.0
qwen3:4b-instruct,history,B3,history-0208,1.0
qwen3:4b-instruct,history,B3,history-0215,0.8333333333333334
qwen3:4b-instruct,history,B3,history-0217,1.0
qwen3:4b-instruct,history,B3,history-0221,0.8333333333333334
qwen3:4b-instruct,history,B3,history-0252,0.8333333333333334
qwen3:4b-instruct,history,B3,history-0254,1.0
qwen3:4b-instruct,history,B3,history-0255,1.0
qwen3:4b-instruct,history,B3,history-0259,1.0
qwen3:4b-instruct,history,B3,history-0263,0.8333333333333334
qwen3:4b-instruct,history,B3,history-0272,1.0
qwen3:4b-instruct,history,B3,history-0273,0.8333333333333334
qwen3:4b-instruct,history,B3,history-0278,1.0
qwen3:4b-instruct,history,B3,history-0279,0.8333333333333334
qwen3:4b-instruct,history,B3,history-0287,0.8333333333333334
qwen3:4b-instruct,history,B3,history-0294,0.8333333333333334
qwen3:4b-instruct,history,B4,history-0193,0.5
qwen3:4b-instruct,history,B4,history-0195,1.0
qwen3:4b-instruct,history,B4,history-0203,0.8333333333333334
qwen3:4b-instruct,history,B4,history-0204,0.8333333333333334
qwen3:4b-instruct,history,B4,history-0206,1.0
qwen3:4b-instruct,history,B4,history-0208,1.0
qwen3:4b-instruct,history,B4,history-0215,1.0
qwen3:4b-instruct,history,B4,history-0217,1.0
qwen3:4b-instruct,history,B4,history-0221,0.8333333333333334
qwen3:4b-instruct,history,B4,history-0252,0.5
qwen3:4b-instruct,history,B4,history-0254,0.5
qwen3:4b-instruct,history,B4,history-0255,1.0
qwen3:4b-instruct,history,B4,history-0259,1.0
qwen3:4b-instruct,history,B4,history-0263,1.0
qwen3:4b-instruct,history,B4,history-0272,1.0
qwen3:4b-instruct,history,B4,history-0273,0.8333333333333334
qwen3:4b-instruct,history,B4,history-0278,0.5
qwen3:4b-instruct,history,B4,history-0279,0.8333333333333334
qwen3:4b-instruct,history,B4,history-0287,0.5
qwen3:4b-instruct,history,B4,history-0294,0.8333333333333334
qwen3:4b-instruct,history,B5,history-0193,0.8333333333333334
qwen3:4b-instruct,history,B5,history-0195,0.8333333333333334
qwen3:4b-instruct,history,B5,history-0203,0.8333333333333334
qwen3:4b-instruct,history,B5,history-0204,1.0
qwen3:4b-instruct,history,B5,history-0206,1.0
qwen3:4b-instruct,history,B5,history-0208,1.0
qwen3:4b-instruct,history,B5,history-0215,0.8333333333333334
qwen3:4b-instruct,history,B5,history-0217,1.0
qwen3:4b-instruct,history,B5,history-0221,0.8333333333333334
qwen3:4b-instruct,history,B5,history-0252,1.0
qwen3:4b-instruct,history,B5,history-0254,0.8333333333333334
qwen3:4b-instruct,history,B5,history-0255,1.0
qwen3:4b-instruct,history,B5,history-0259,1.0
qwen3:4b-instruct,history,B5,history-0263,1.0
qwen3:4b-instruct,history,B5,history-0272,1.0
qwen3:4b-instruct,history,B5,history-0273,0.8333333333333334
qwen3:4b-instruct,history,B5,history-0278,1.0
qwen3:4b-instruct,history,B5,history-0279,0.8333333333333334
qwen3:4b-instruct,history,B5,history-0287,0.8333333333333334
qwen3:4b-instruct,history,B5,history-0294,0.5
qwen3:4b-instruct,history,OURS,history-0193,0.8333333333333334
qwen3:4b-instruct,history,OURS,history-0195,0.8333333333333334
qwen3:4b-instruct,history,OURS,history-0203,1.0
qwen3:4b-instruct,history,OURS,history-0204,1.0
qwen3:4b-instruct,history,OURS,history-0206,0.8333333333333334
qwen3:4b-instruct,history,OURS,history-0208,1.0
qwen3:4b-instruct,history,OURS,history-0215,1.0
qwen3:4b-instruct,history,OURS,history-0217,1.0
qwen3:4b-instruct,history,OURS,history-0221,0.8333333333333334
qwen3:4b-instruct,history,OURS,history-0252,1.0
qwen3:4b-instruct,history,OURS,history-0254,1.0
qwen3:4b-instruct,history,OURS,history-0255,0.8333333333333334
qwen3:4b-instruct,history,OURS,history-0259,1.0
qwen3:4b-instruct,history,OURS,history-0263,1.0
qwen3:4b-instruct,history,OURS,history-0272,1.0
qwen3:4b-instruct,history,OURS,history-0273,0.8333333333333334
qwen3:4b-instruct,history,OURS,history-0278,1.0
qwen3:4b-instruct,history,OURS,history-0279,1.0
qwen3:4b-instruct,history,OURS,history-0287,1.0
qwen3:4b-instruct,history,OURS,history-0294,0.5
qwen3:4b-instruct,history,OURS-A,history-0193,0.8333333333333334
qwen3:4b-instruct,history,OURS-A,history-0195,0.8333333333333334
qwen3:4b-instruct,history,OURS-A,history-0203,1.0
qwen3:4b-instruct,history,OURS-A,history-0204,1.0
qwen3:4b-instruct,history,OURS-A,history-0206,0.8333333333333334
qwen3:4b-instruct,history,OURS-A,history-0208,1.0
qwen3:4b-instruct,history,OURS-A,history-0215,1.0
qwen3:4b-instruct,history,OURS-A,history-0217,1.0
qwen3:4b-instruct,history,OURS-A,history-0221,0.8333333333333334
qwen3:4b-instruct,history,OURS-A,history-0252,1.0
qwen3:4b-instruct,history,OURS-A,history-0254,1.0
qwen3:4b-instruct,history,OURS-A,history-0255,0.8333333333333334
qwen3:4b-instruct,history,OURS-A,history-0259,1.0
qwen3:4b-instruct,history,OURS-A,history-0263,1.0
qwen3:4b-instruct,history,OURS-A,history-0272,1.0
qwen3:4b-instruct,history,OURS-A,history-0273,0.8333333333333334
qwen3:4b-instruct,history,OURS-A,history-0278,1.0
qwen3:4b-instruct,history,OURS-A,history-0279,1.0
qwen3:4b-instruct,history,OURS-A,history-0287,1.0
qwen3:4b-instruct,history,OURS-A,history-0294,0.5
qwen3:4b-instruct,tool,B0,tool-0178,0.0
qwen3:4b-instruct,tool,B0,tool-0199,1.0
qwen3:4b-instruct,tool,B0,tool-0205,1.0
qwen3:4b-instruct,tool,B0,tool-0219,1.0
qwen3:4b-instruct,tool,B0,tool-0221,1.0
qwen3:4b-instruct,tool,B0,tool-0234,1.0
qwen3:4b-instruct,tool,B0,tool-0237,1.0
qwen3:4b-instruct,tool,B0,tool-0241,1.0
qwen3:4b-instruct,tool,B0,tool-0242,1.0
qwen3:4b-instruct,tool,B0,tool-0252,1.0
qwen3:4b-instruct,tool,B0,tool-0260,1.0
qwen3:4b-instruct,tool,B0,tool-0263,1.0
qwen3:4b-instruct,tool,B0,tool-0268,1.0
qwen3:4b-instruct,tool,B0,tool-0272,0.0
qwen3:4b-instruct,tool,B0,tool-0274,1.0
qwen3:4b-instruct,tool,B0,tool-0283,1.0
qwen3:4b-instruct,tool,B0,tool-0288,1.0
qwen3:4b-instruct,tool,B0,tool-0291,1.0
qwen3:4b-instruct,tool,B0,tool-0294,1.0
qwen3:4b-instruct,tool,B0,tool-0299,1.0
qwen3:4b-instruct,tool,B1,tool-0178,0.0
qwen3:4b-instruct,tool,B1,tool-0199,0.5
qwen3:4b-instruct,tool,B1,tool-0205,1.0
qwen3:4b-instruct,tool,B1,tool-0219,0.5
qwen3:4b-instruct,tool,B1,tool-0221,0.5
qwen3:4b-instruct,tool,B1,tool-0234,0.8333333333333334
qwen3:4b-instruct,tool,B1,tool-0237,0.5
qwen3:4b-instruct,tool,B1,tool-0241,0.8333333333333334
qwen3:4b-instruct,tool,B1,tool-0242,0.5
qwen3:4b-instruct,tool,B1,tool-0252,0.5
qwen3:4b-instruct,tool,B1,tool-0260,1.0
qwen3:4b-instruct,tool,B1,tool-0263,1.0
qwen3:4b-instruct,tool,B1,tool-0268,0.5
qwen3:4b-instruct,tool,B1,tool-0272,0.3333333333333333
qwen3:4b-instruct,tool,B1,tool-0274,0.5
qwen3:4b-instruct,tool,B1,tool-0283,0.8333333333333334
qwen3:4b-instruct,tool,B1,tool-0288,0.16666666666666666
qwen3:4b-instruct,tool,B1,tool-0291,0.5
qwen3:4b-instruct,tool,B1,tool-0294,1.0
qwen3:4b-instruct,tool,B1,tool-0299,0.8333333333333334
qwen3:4b-instruct,tool,B2,tool-0178,0.0
qwen3:4b-instruct,tool,B2,tool-0199,1.0
qwen3:4b-instruct,tool,B2,tool-0205,1.0
qwen3:4b-instruct,tool,B2,tool-0219,1.0
qwen3:4b-instruct,tool,B2,tool-0221,1.0
qwen3:4b-instruct,tool,B2,tool-0234,1.0
qwen3:4b-instruct,tool,B2,tool-0237,1.0
qwen3:4b-instruct,tool,B2,tool-0241,1.0
qwen3:4b-instruct,tool,B2,tool-0242,1.0
qwen3:4b-instruct,tool,B2,tool-0252,1.0
qwen3:4b-instruct,tool,B2,tool-0260,1.0
qwen3:4b-instruct,tool,B2,tool-0263,1.0
qwen3:4b-instruct,tool,B2,tool-0268,1.0
qwen3:4b-instruct,tool,B2,tool-0272,0.5
qwen3:4b-instruct,tool,B2,tool-0274,1.0
qwen3:4b-instruct,tool,B2,tool-0283,1.0
qwen3:4b-instruct,tool,B2,tool-0288,1.0
qwen3:4b-instruct,tool,B2,tool-0291,1.0
qwen3:4b-instruct,tool,B2,tool-0294,1.0
qwen3:4b-instruct,tool,B2,tool-0299,1.0
qwen3:4b-instruct,tool,B3,tool-0178,0.0
qwen3:4b-instruct,tool,B3,tool-0199,0.8333333333333334
qwen3:4b-instruct,tool,B3,tool-0205,0.5
qwen3:4b-instruct,tool,B3,tool-0219,0.5
qwen3:4b-instruct,tool,B3,tool-0221,0.5
qwen3:4b-instruct,tool,B3,tool-0234,0.8333333333333334
qwen3:4b-instruct,tool,B3,tool-0237,0.5
qwen3:4b-instruct,tool,B3,tool-0241,0.5
qwen3:4b-instruct,tool,B3,tool-0242,0.5
qwen3:4b-instruct,tool,B3,tool-0252,0.5
qwen3:4b-instruct,tool,B3,tool-0260,0.8333333333333334
qwen3:4b-instruct,tool,B3,tool-0263,0.5
qwen3:4b-instruct,tool,B3,tool-0268,0.16666666666666666
qwen3:4b-instruct,tool,B3,tool-0272,0.3333333333333333
qwen3:4b-instruct,tool,B3,tool-0274,0.16666666666666666
qwen3:4b-instruct,tool,B3,tool-0283,0.8333333333333334
qwen3:4b-instruct,tool,B3,tool-0288,0.5
qwen3:4b-instruct,tool,B3,tool-0291,0.5
qwen3:4b-instruct,tool,B3,tool-0294,0.16666666666666666
qwen3:4b-instruct,tool,B3,tool-0299,0.8333333333333334
qwen3:4b-instruct,tool,B4,tool-0178,0.0
qwen3:4b-instruct,tool,B4,tool-0199,1.0
qwen3:4b-instruct,tool,B4,tool-0205,1.0
qwen3:4b-instruct,tool,B4,tool-0219,1.0
qwen3:4b-instruct,tool,B4,tool-0221,1.0
qwen3:4b-instruct,tool,B4,tool-0234,1.0
qwen3:4b-instruct,tool,B4,tool-0237,1.0
qwen3:4b-instruct,tool,B4,tool-0241,1.0
qwen3:4b-instruct,tool,B4,tool-0242,0.8333333333333334
qwen3:4b-instruct,tool,B4,tool-0252,1.0
qwen3:4b-instruct,tool,B4,tool-0260,1.0
qwen3:4b-instruct,tool,B4,tool-0263,0.8333333333333334
qwen3:4b-instruct,tool,B4,tool-0268,0.6666666666666666
qwen3:4b-instruct,tool,B4,tool-0272,0.5
qwen3:4b-instruct,tool,B4,tool-0274,1.0
qwen3:4b-instruct,tool,B4,tool-0283,0.8333333333333334
qwen3:4b-instruct,tool,B4,tool-0288,1.0
qwen3:4b-instruct,tool,B4,tool-0291,1.0
qwen3:4b-instruct,tool,B4,tool-0294,0.5
qwen3:4b-instruct,tool,B4,tool-0299,1.0
qwen3:4b-instruct,tool,B5,tool-0178,0.0
qwen3:4b-instruct,tool,B5,tool-0199,1.0
qwen3:4b-instruct,tool,B5,tool-0205,0.16666666666666666
qwen3:4b-instruct,tool,B5,tool-0219,0.5
qwen3:4b-instruct,tool,B5,tool-0221,0.8333333333333334
qwen3:4b-instruct,tool,B5,tool-0234,0.5
qwen3:4b-instruct,tool,B5,tool-0237,0.8333333333333334
qwen3:4b-instruct,tool,B5,tool-0241,0.5
qwen3:4b-instruct,tool,B5,tool-0242,1.0
qwen3:4b-instruct,tool,B5,tool-0252,0.8333333333333334
qwen3:4b-instruct,tool,B5,tool-0260,0.16666666666666666
qwen3:4b-instruct,tool,B5,tool-0263,0.16666666666666666
qwen3:4b-instruct,tool,B5,tool-0268,0.6666666666666666
qwen3:4b-instruct,tool,B5,tool-0272,0.3333333333333333
qwen3:4b-instruct,tool,B5,tool-0274,1.0
qwen3:4b-instruct,tool,B5,tool-0283,0.5
qwen3:4b-instruct,tool,B5,tool-0288,1.0
qwen3:4b-instruct,tool,B5,tool-0291,0.5
qwen3:4b-instruct,tool,B5,tool-0294,0.5
qwen3:4b-instruct,tool,B5,tool-0299,0.5
qwen3:4b-instruct,tool,OURS,tool-0178,0.0
qwen3:4b-instruct,tool,OURS,tool-0199,1.0
qwen3:4b-instruct,tool,OURS,tool-0205,1.0
qwen3:4b-instruct,tool,OURS,tool-0219,1.0
qwen3:4b-instruct,tool,OURS,tool-0221,1.0
qwen3:4b-instruct,tool,OURS,tool-0234,1.0
qwen3:4b-instruct,tool,OURS,tool-0237,1.0
qwen3:4b-instruct,tool,OURS,tool-0241,1.0
qwen3:4b-instruct,tool,OURS,tool-0242,1.0
qwen3:4b-instruct,tool,OURS,tool-0252,1.0
qwen3:4b-instruct,tool,OURS,tool-0260,1.0
qwen3:4b-instruct,tool,OURS,tool-0263,1.0
qwen3:4b-instruct,tool,OURS,tool-0268,1.0
qwen3:4b-instruct,tool,OURS,tool-0272,1.0
qwen3:4b-instruct,tool,OURS,tool-0274,1.0
qwen3:4b-instruct,tool,OURS,tool-0283,1.0
qwen3:4b-instruct,tool,OURS,tool-0288,1.0
qwen3:4b-instruct,tool,OURS,tool-0291,1.0
qwen3:4b-instruct,tool,OURS,tool-0294,1.0
qwen3:4b-instruct,tool,OURS,tool-0299,1.0
qwen3:4b-instruct,tool,OURS-A,tool-0178,0.0
qwen3:4b-instruct,tool,OURS-A,tool-0199,1.0
qwen3:4b-instruct,tool,OURS-A,tool-0205,1.0
qwen3:4b-instruct,tool,OURS-A,tool-0219,1.0
qwen3:4b-instruct,tool,OURS-A,tool-0221,1.0
qwen3:4b-instruct,tool,OURS-A,tool-0234,1.0
qwen3:4b-instruct,tool,OURS-A,tool-0237,1.0
qwen3:4b-instruct,tool,OURS-A,tool-0241,1.0
qwen3:4b-instruct,tool,OURS-A,tool-0242,1.0
qwen3:4b-instruct,tool,OURS-A,tool-0252,1.0
qwen3:4b-instruct,tool,OURS-A,tool-0260,1.0
qwen3:4b-instruct,tool,OURS-A,tool-0263,1.0
qwen3:4b-instruct,tool,OURS-A,tool-0268,1.0
qwen3:4b-instruct,tool,OURS-A,tool-0272,1.0
qwen3:4b-instruct,tool,OURS-A,tool-0274,1.0
qwen3:4b-instruct,tool,OURS-A,tool-0283,1.0
qwen3:4b-instruct,tool,OURS-A,tool-0288,1.0
qwen3:4b-instruct,tool,OURS-A,tool-0291,1.0
qwen3:4b-instruct,tool,OURS-A,tool-0294,1.0
qwen3:4b-instruct,tool,OURS-A,tool-0299,1.0
