family,policy,tau,n,success,tokens,eligible,b0_success
facts,B2S,-1.0,20,0.45,3058.55,True,0.45
facts,B2S,0.474,20,0.4,1925.1,True,0.45
facts,B2S,0.546,20,0.35,1213.0,False,0.45
facts,B2S,0.606,20,0.4,759.85,True,0.45
facts,B2S,0.656,20,0.35,337.45,False,0.45
facts,HYB,-1.0,20,0.4,2993.9,True,0.45
facts,HYB,0.474,20,0.35,1860.45,False,0.45
facts,HYB,0.546,20,0.3,1151.1,False,0.45
facts,HYB,0.606,20,0.4,721.5,True,0.45
facts,HYB,0.656,20,0.35,327.05,False,0.45
history,B2S,-1.0,20,1.0,2723.7,True,1.0
history,B2S,0.52,20,0.95,1874.2,True,1.0
history,B2S,0.541,20,0.95,1345.7,True,1.0
history,B2S,0.562,20,0.85,830.25,False,1.0
history,B2S,0.582,20,0.75,488.9,False,1.0
history,HYB,-1.0,20,1.0,2636.8,True,1.0
history,HYB,0.52,20,0.95,1787.3,True,1.0
history,HYB,0.541,20,0.95,1258.8,True,1.0
history,HYB,0.562,20,0.85,743.35,False,1.0
history,HYB,0.582,20,0.7,405.95,False,1.0
tool,B2S,-1.0,20,0.9,4270.9,True,0.9
tool,B2S,0.501,20,0.95,2928.6,True,0.9
tool,B2S,0.526,20,0.95,2012.75,True,0.9
tool,B2S,0.554,20,0.9,1191.3,True,0.9
tool,B2S,0.585,20,0.9,619.35,True,0.9
tool,HYB,-1.0,20,0.9,4077.05,True,0.9
tool,HYB,0.501,20,0.95,2738.4,True,0.9
tool,HYB,0.526,20,0.95,1829.9,True,0.9
tool,HYB,0.554,20,0.9,1052.15,True,0.9
tool,HYB,0.585,20,0.95,525.85,True,0.9
