family,policy,budget,type,tokens
facts,B0,1000000000,instructions,43.0
facts,B0,1000000000,goal,40.89
facts,B0,1000000000,fact,2847.39
facts,B0,1000000000,example,66.73
facts,B2,1000,instructions,43.0
facts,B2,1000,goal,40.89
facts,B2,1000,example,56.56
facts,B2,1000,fact,837.75
facts,B4,1000,instructions,43.0
facts,B4,1000,goal,40.89
facts,B4,1000,example,66.73
facts,B4,1000,fact,803.76
facts,OURS-A,1000,instructions,43.0
facts,OURS-A,1000,goal,40.89
facts,OURS-A,1000,fact,895.57
facts,OURS-A,1000,example,10.43
facts,OURS,1000,instructions,43.0
facts,OURS,1000,goal,40.89
facts,OURS,1000,fact,874.45
facts,OURS,1000,example,30.87
facts,B2,2000,instructions,43.0
facts,B2,2000,goal,40.89
facts,B2,2000,example,66.35
facts,B2,2000,fact,1817.49
facts,B4,2000,instructions,43.0
facts,B4,2000,goal,40.89
facts,B4,2000,example,66.73
facts,B4,2000,fact,1777.72
facts,OURS-A,2000,instructions,43.0
facts,OURS-A,2000,goal,40.89
facts,OURS-A,2000,fact,1739.68
facts,OURS-A,2000,example,24.5
facts,OURS,2000,instructions,43.0
facts,OURS,2000,goal,40.89
facts,OURS,2000,fact,1732.37
facts,OURS,2000,example,30.87
facts,B2,4000,instructions,43.0
facts,B2,4000,goal,40.89
facts,B2,4000,example,66.73
facts,B2,4000,fact,2847.39
facts,B4,4000,instructions,43.0
facts,B4,4000,goal,40.89
facts,B4,4000,example,66.73
facts,B4,4000,fact,2847.39
facts,OURS-A,4000,instructions,43.0
facts,OURS-A,4000,goal,40.89
facts,OURS-A,4000,fact,1955.4
facts,OURS-A,4000,example,27.12
facts,OURS,4000,instructions,43.0
facts,OURS,4000,goal,40.89
facts,OURS,4000,fact,1957.19
facts,OURS,4000,example,30.87
facts,B2,8000,instructions,43.0
facts,B2,8000,goal,40.89
facts,B2,8000,example,66.73
facts,B2,8000,fact,2847.39
facts,B4,8000,instructions,43.0
facts,B4,8000,goal,40.89
facts,B4,8000,example,66.73
facts,B4,8000,fact,2847.39
facts,OURS-A,8000,instructions,43.0
facts,OURS-A,8000,goal,40.89
facts,OURS-A,8000,fact,1955.4
facts,OURS-A,8000,example,27.12
facts,OURS,8000,instructions,43.0
facts,OURS,8000,goal,40.89
facts,OURS,8000,fact,1956.86
facts,OURS,8000,example,30.87
history,B0,1000000000,instructions,56.0
history,B0,1000000000,goal,28.7
history,B0,1000000000,history_turn,2545.47
history,B0,1000000000,note,38.03
history,B0,1000000000,example,49.0
history,B2,1000,instructions,56.0
history,B2,1000,goal,28.7
history,B2,1000,example,49.0
history,B2,1000,history_turn,794.27
history,B2,1000,note,38.03
history,B4,1000,instructions,56.0
history,B4,1000,goal,28.7
history,B4,1000,note,38.03
history,B4,1000,history_turn,784.03
history,B4,1000,example,49.0
history,OURS-A,1000,instructions,56.0
history,OURS-A,1000,goal,28.7
history,OURS-A,1000,history_turn,900.04
history,OURS-A,1000,note,2.99
history,OURS-A,1000,example,3.43
history,OURS,1000,instructions,56.0
history,OURS,1000,goal,28.7
history,OURS,1000,history_turn,902.21
history,OURS,1000,example,2.94
history,B2,2000,instructions,56.0
history,B2,2000,goal,28.7
history,B2,2000,example,49.0
history,B2,2000,history_turn,1790.3
history,B2,2000,note,38.03
history,B4,2000,instructions,56.0
history,B4,2000,goal,28.7
history,B4,2000,note,38.03
history,B4,2000,history_turn,1777.54
history,B4,2000,example,49.0
history,OURS-A,2000,instructions,56.0
history,OURS-A,2000,goal,28.7
history,OURS-A,2000,history_turn,1873.95
history,OURS-A,2000,note,10.43
history,OURS-A,2000,example,7.35
history,OURS,2000,instructions,56.0
history,OURS,2000,goal,28.7
history,OURS,2000,history_turn,1877.37
history,OURS,2000,example,7.35
history,B2,4000,instructions,56.0
history,B2,4000,goal,28.7
history,B2,4000,example,49.0
history,B2,4000,history_turn,2545.47
history,B2,4000,note,38.03
history,B4,4000,instructions,56.0
history,B4,4000,goal,28.7
history,B4,4000,note,38.03
history,B4,4000,history_turn,2545.47
history,B4,4000,example,49.0
history,OURS-A,4000,instructions,56.0
history,OURS-A,4000,goal,28.7
history,OURS-A,4000,history_turn,2418.29
history,OURS-A,4000,note,18.55
history,OURS-A,4000,example,7.35
history,OURS,4000,instructions,56.0
history,OURS,4000,goal,28.7
history,OURS,4000,history_turn,2436.8
history,OURS,4000,example,7.35
history,B2,8000,instructions,56.0
history,B2,8000,goal,28.7
history,B2,8000,example,49.0
history,B2,8000,history_turn,2545.47
history,B2,8000,note,38.03
history,B4,8000,instructions,56.0
history,B4,8000,goal,28.7
history,B4,8000,note,38.03
history,B4,8000,history_turn,2545.47
history,B4,8000,example,49.0
history,OURS-A,8000,instructions,56.0
history,OURS-A,8000,goal,28.7
history,OURS-A,8000,history_turn,2418.29
history,OURS-A,8000,note,18.55
history,OURS-A,8000,example,7.35
history,OURS,8000,instructions,56.0
history,OURS,8000,goal,28.7
history,OURS,8000,history_turn,2436.8
history,OURS,8000,example,7.35
tool,B0,1000000000,instructions,80.0
tool,B0,1000000000,goal,36.1
tool,B0,1000000000,tool_schema,3936.87
tool,B0,1000000000,example,185.67
tool,B2,1000,instructions,80.0
tool,B2,1000,goal,36.1
tool,B2,1000,tool_schema,717.77
tool,B2,1000,example,138.85
tool,B4,1000,instructions,80.0
tool,B4,1000,goal,36.1
tool,B4,1000,example,174.41
tool,B4,1000,tool_schema,671.58
tool,OURS-A,1000,instructions,80.0
tool,OURS-A,1000,goal,36.1
tool,OURS-A,1000,tool_schema,850.08
tool,OURS-A,1000,example,25.35
tool,OURS,1000,instructions,80.0
tool,OURS,1000,goal,36.1
tool,OURS,1000,tool_schema,841.83
tool,OURS,1000,example,33.29
tool,B2,2000,instructions,80.0
tool,B2,2000,goal,36.1
tool,B2,2000,tool_schema,1680.6
tool,B2,2000,example,174.14
tool,B4,2000,instructions,80.0
tool,B4,2000,goal,36.1
tool,B4,2000,example,183.87
tool,B4,2000,tool_schema,1656.01
tool,OURS-A,2000,instructions,80.0
tool,OURS-A,2000,goal,36.1
tool,OURS-A,2000,tool_schema,1782.19
tool,OURS-A,2000,example,31.89
tool,OURS,2000,instructions,80.0
tool,OURS,2000,goal,36.1
tool,OURS,2000,tool_schema,1772.94
tool,OURS,2000,example,44.31
tool,B2,4000,instructions,80.0
tool,B2,4000,goal,36.1
tool,B2,4000,tool_schema,3649.52
tool,B2,4000,example,185.13
tool,B4,4000,instructions,80.0
tool,B4,4000,goal,36.1
tool,B4,4000,example,185.67
tool,B4,4000,tool_schema,3634.6
tool,OURS-A,4000,instructions,80.0
tool,OURS-A,4000,goal,36.1
tool,OURS-A,4000,tool_schema,2580.56
tool,OURS-A,4000,example,38.03
tool,OURS,4000,instructions,80.0
tool,OURS,4000,goal,36.1
tool,OURS,4000,tool_schema,2582.65
tool,OURS,4000,example,49.65
tool,B2,8000,instructions,80.0
tool,B2,8000,goal,36.1
tool,B2,8000,tool_schema,3936.87
tool,B2,8000,example,185.67
tool,B4,8000,instructions,80.0
tool,B4,8000,goal,36.1
tool,B4,8000,example,185.67
tool,B4,8000,tool_schema,3936.87
tool,OURS-A,8000,instructions,80.0
tool,OURS-A,8000,goal,36.1
tool,OURS-A,8000,tool_schema,2587.5
tool,OURS-A,8000,example,38.03
tool,OURS,8000,instructions,80.0
tool,OURS,8000,goal,36.1
tool,OURS,8000,tool_schema,2592.83
tool,OURS,8000,example,49.65
