policy,gold_in,note_in,note_current,mean,size
B1,False,True,False,0.0,8
B1,False,True,True,0.8888888888888888,9
B1,True,True,False,1.0,7
B1,True,True,True,1.0,6
B2,False,True,False,0.0,5
B2,False,True,True,0.0,1
B2,True,True,False,1.0,47
B2,True,True,True,1.0,47
B2S,False,True,False,0.0,6
B2S,False,True,True,0.0,2
B2S,True,True,False,1.0,46
B2S,True,True,True,1.0,46
B4,False,True,False,0.0,39
B4,False,True,True,0.8292682926829268,41
B4,True,True,False,1.0,13
B4,True,True,True,1.0,7
B5,False,True,False,0.0,8
B5,False,True,True,0.8888888888888888,9
B5,True,True,False,1.0,7
B5,True,True,True,1.0,6
HYB,False,False,False,0.0,7
HYB,False,False,True,0.0,2
HYB,True,False,False,1.0,45
HYB,True,False,True,1.0,46
OURS,False,False,False,0.0,18
OURS,False,False,True,0.0,18
OURS,True,False,False,1.0,34
OURS,True,False,True,1.0,30
OURS-A,False,False,False,0.0,17
OURS-A,False,False,True,0.0,17
OURS-A,False,True,False,0.0,2
OURS-A,True,False,False,1.0,32
OURS-A,True,False,True,1.0,26
OURS-A,True,True,False,1.0,1
OURS-A,True,True,True,1.0,5
