model,family,part,key,raw,value,lo,hi,n,base
qwen3:4b-instruct,facts,mcv,example,0.05,0.04,0.0,0.125,40,0.525
qwen3:4b-instruct,facts,mcv,fact,0.35,0.28,0.175,0.525,40,0.525
qwen3:4b-instruct,facts,short,fact,0.125,0.1,-0.025,0.275,40,0.525
qwen3:4b-instruct,facts,interaction,example|fact,0.1,0.08,0.025,0.2,40,0.525
qwen3:4b-instruct,history,mcv,example,0.0,0.0,0.0,0.0,40,1.0
qwen3:4b-instruct,history,mcv,history_turn,0.4,0.32,0.25,0.55,40,1.0
qwen3:4b-instruct,history,mcv,note,0.0,0.0,0.0,0.0,40,1.0
qwen3:4b-instruct,history,short,history_turn,-0.025,-0.02,-0.125,0.05,40,1.0
qwen3:4b-instruct,history,interaction,example|history_turn,0.0,0.0,0.0,0.0,40,1.0
qwen3:4b-instruct,history,interaction,example|note,0.0,0.0,0.0,0.0,40,1.0
qwen3:4b-instruct,history,interaction,history_turn|note,-0.6,-0.48,-0.75,-0.45,40,1.0
qwen3:4b-instruct,tool,mcv,example,-0.025,-0.02,-0.075,0.0,40,0.85
qwen3:4b-instruct,tool,mcv,tool_schema,0.85,0.68,0.725,0.95,40,0.85
qwen3:4b-instruct,tool,short,tool_schema,0.3,0.24,0.175,0.45,40,0.85
qwen3:4b-instruct,tool,interaction,example|tool_schema,0.025,0.02,-0.05,0.1,40,0.85
qwen3:8b,facts,mcv,example,0.0,0.0,0.0,0.0,20,0.55
qwen3:8b,facts,mcv,fact,0.35,0.23333333333333334,0.1,0.6,20,0.55
qwen3:8b,facts,short,fact,0.2,0.13333333333333333,0.0,0.45,20,0.55
qwen3:8b,facts,interaction,example|fact,0.0,0.0,0.0,0.0,20,0.55
qwen3:8b,history,mcv,example,0.1,0.06666666666666667,0.0,0.25,20,1.0
qwen3:8b,history,mcv,history_turn,0.45,0.3,0.25,0.65,20,1.0
qwen3:8b,history,mcv,note,0.05,0.03333333333333333,0.0,0.15,20,1.0
qwen3:8b,history,short,history_turn,0.0,0.0,0.0,0.0,20,1.0
qwen3:8b,history,interaction,example|history_turn,0.1,0.06666666666666667,0.0,0.25,20,1.0
qwen3:8b,history,interaction,example|note,0.1,0.06666666666666667,-0.1,0.3,20,1.0
qwen3:8b,history,interaction,history_turn|note,-0.5,-0.3333333333333333,-0.7,-0.3,20,1.0
qwen3:8b,tool,mcv,example,-0.05,-0.03333333333333333,-0.15,0.0,20,0.85
qwen3:8b,tool,mcv,tool_schema,0.8,0.5333333333333333,0.6,0.95,20,0.85
qwen3:8b,tool,short,tool_schema,0.25,0.16666666666666666,0.05,0.45,20,0.85
qwen3:8b,tool,interaction,example|tool_schema,0.0,0.0,-0.15,0.15,20,0.85
