k,mae,rho,top_type_all
5,0.09642857142857143,0.5169078021169037,0.0
5,0.05357142857142857,0.9145291883606756,1.0
5,0.1107142857142857,0.8090398349558906,0.0
5,0.08214285714285714,0.9341987329938276,0.0
5,0.03928571428571427,0.9145291883606756,1.0
5,0.1107142857142857,0.9045340337332909,1.0
5,0.11071428571428574,0.9063058944592333,1.0
5,0.03928571428571427,0.9145291883606756,1.0
5,0.20357142857142857,0.8090398349558906,0.0
5,0.16071428571428573,0.9063058944592333,1.0
5,0.06785714285714287,0.8747670497362986,1.0
5,0.07499999999999998,0.9723448696087955,1.0
5,0.03928571428571427,0.9145291883606756,1.0
5,0.11071428571428574,0.9063058944592333,1.0
5,0.1392857142857143,0.8040302522073697,0.0
5,0.18214285714285713,0.5983660736054126,0.0
5,0.0964285714285714,0.8090398349558906,0.0
5,0.09642857142857142,0.9045340337332909,1.0
5,0.08214285714285714,0.9145291883606756,1.0
5,0.03928571428571427,0.9145291883606756,1.0
5,0.08214285714285714,0.8442317648177381,1.0
5,0.06785714285714287,0.8747670497362986,1.0
5,0.05357142857142858,0.9045340337332909,1.0
5,0.06785714285714284,0.9145291883606756,1.0
5,0.16785714285714284,0.5853225568382547,0.0
5,0.12500000000000003,0.877185582105945,1.0
5,0.11071428571428572,0.6741998624632421,0.0
5,0.08214285714285714,0.9045340337332909,1.0
5,0.17500000000000002,0.5983660736054126,0.0
5,0.08214285714285714,0.9045340337332909,1.0
5,0.08928571428571427,0.9145291883606756,0.0
5,0.09642857142857145,0.8747670497362986,1.0
5,0.09642857142857143,0.9341987329938276,0.0
5,0.1535714285714286,0.5169078021169037,0.0
5,0.06785714285714284,0.9145291883606756,1.0
5,0.09642857142857142,0.8090398349558906,0.0
5,0.11071428571428574,0.9723448696087955,1.0
5,0.08928571428571429,1.0,1.0
5,0.05357142857142856,0.9145291883606756,1.0
5,0.03928571428571427,0.9145291883606756,1.0
5,0.0392857142857143,0.9045340337332909,1.0
5,0.1392857142857143,0.9349469900084572,1.0
5,0.11071428571428572,0.9629500128629354,1.0
5,0.05357142857142856,0.9629500128629354,0.0
5,0.0392857142857143,0.9045340337332909,1.0
5,0.09642857142857142,0.9045340337332909,1.0
5,0.1392857142857143,0.9349469900084572,1.0
5,0.05357142857142856,0.9145291883606756,1.0
5,0.06785714285714285,0.9045340337332909,1.0
5,0.11071428571428572,0.8090398349558906,0.0
5,0.06785714285714285,0.9349469900084572,1.0
5,0.11071428571428574,0.5169078021169037,0.0
5,0.10357142857142858,0.9629500128629354,1.0
5,0.06785714285714287,0.9629500128629354,0.0
5,0.06071428571428571,0.9723448696087955,1.0
5,0.19642857142857142,0.5169078021169037,0.0
5,0.08214285714285711,0.9045340337332909,1.0
5,0.18214285714285713,0.9251872672604672,0.0
5,0.0392857142857143,0.9045340337332909,1.0
5,0.1107142857142857,0.9045340337332909,1.0
5,0.04642857142857143,0.9629500128629354,1.0
5,0.05357142857142857,0.9145291883606756,1.0
5,0.03928571428571429,0.9629500128629354,1.0
5,0.09642857142857143,0.9063058944592333,1.0
5,0.09642857142857143,0.9063058944592333,0.0
5,0.14642857142857144,0.9075630385563792,1.0
5,0.11071428571428572,0.8442317648177381,1.0
5,0.13928571428571432,0.7952427724875442,1.0
5,0.12500000000000003,0.8747670497362986,1.0
5,0.09642857142857143,0.8496617760555312,0.0
5,0.03928571428571427,0.9145291883606756,1.0
5,0.06785714285714285,0.9045340337332909,1.0
5,0.09642857142857143,0.9341987329938276,0.0
5,0.20357142857142857,0.8747670497362986,0.0
5,0.08214285714285716,0.9349469900084572,1.0
5,0.03928571428571427,0.9145291883606756,1.0
5,0.08214285714285714,0.9045340337332909,1.0
5,0.08214285714285714,0.9341987329938276,0.0
5,0.11785714285714284,0.9145291883606756,0.0
5,0.05357142857142856,0.9145291883606756,1.0
5,0.12500000000000003,0.8747670497362986,1.0
5,0.10357142857142856,0.9349469900084572,1.0
5,0.08214285714285714,0.9145291883606756,1.0
5,0.03928571428571427,0.9145291883606756,1.0
5,0.05357142857142857,0.9145291883606756,1.0
5,0.06785714285714284,0.9145291883606756,1.0
5,0.024999999999999998,0.9045340337332909,1.0
5,0.06071428571428571,0.9723448696087955,1.0
5,0.05357142857142856,0.8747670497362986,1.0
5,0.0392857142857143,0.9045340337332909,1.0
5,0.08214285714285714,0.9145291883606756,1.0
5,0.09642857142857142,0.8090398349558906,0.0
5,0.09642857142857143,0.9063058944592333,1.0
5,0.08214285714285716,0.6741998624632421,0.0
5,0.06785714285714285,0.9045340337332909,1.0
5,0.09642857142857142,0.6741998624632421,0.0
5,0.06785714285714284,0.9145291883606756,1.0
5,0.08214285714285714,0.9145291883606756,1.0
5,0.11071428571428572,0.8442317648177381,1.0
5,0.0392857142857143,0.9045340337332909,1.0
5,0.125,0.9341987329938276,1.0
5,0.08214285714285714,0.8090398349558906,0.0
5,0.06785714285714285,0.9045340337332909,1.0
5,0.075,0.9349469900084572,1.0
5,0.06785714285714287,0.9145291883606756,1.0
5,0.11071428571428572,0.6741998624632421,0.0
5,0.08214285714285714,0.9145291883606756,1.0
5,0.1392857142857143,0.9063058944592333,1.0
5,0.09642857142857143,0.9063058944592333,1.0
5,0.03928571428571427,0.9145291883606756,1.0
5,0.09642857142857145,0.9145291883606756,1.0
5,0.06785714285714287,0.8747670497362986,1.0
5,0.09642857142857143,0.8151238417997327,0.0
5,0.11071428571428572,0.9145291883606756,1.0
5,0.09642857142857143,0.8747670497362986,1.0
5,0.024999999999999998,0.9045340337332909,1.0
5,0.0392857142857143,0.9045340337332909,1.0
5,0.08214285714285714,0.9045340337332909,1.0
5,0.06785714285714285,0.9349469900084572,1.0
5,0.05357142857142859,0.9629500128629354,1.0
5,0.1107142857142857,0.873862897505303,1.0
5,0.09642857142857143,0.9629500128629354,1.0
5,0.11071428571428572,0.9145291883606756,1.0
5,0.08214285714285714,0.9045340337332909,1.0
5,0.06785714285714287,0.8747670497362986,1.0
5,0.11071428571428572,0.5983660736054126,0.0
5,0.13928571428571432,0.7952427724875442,1.0
5,0.03928571428571429,0.9629500128629354,1.0
5,0.03928571428571427,0.9145291883606756,1.0
5,0.09642857142857145,0.9145291883606756,1.0
5,0.09642857142857142,0.9045340337332909,1.0
5,0.1107142857142857,0.7839294959021854,0.0
5,0.1107142857142857,0.8090398349558906,0.0
5,0.06785714285714287,0.8747670497362986,1.0
5,0.05357142857142857,0.8747670497362986,1.0
5,0.05357142857142857,0.9145291883606756,1.0
5,0.08928571428571427,0.9629500128629354,1.0
5,0.08214285714285714,0.8090398349558906,0.0
5,0.08214285714285714,0.8090398349558906,0.0
5,0.11071428571428574,0.8442317648177381,1.0
5,0.13214285714285715,0.8601512308077806,1.0
5,0.09642857142857145,0.8747670497362986,1.0
5,0.06785714285714287,0.9145291883606756,1.0
5,0.024999999999999998,0.9045340337332909,1.0
5,0.08214285714285714,0.8442317648177381,1.0
5,0.08214285714285714,0.8747670497362986,1.0
5,0.11071428571428572,0.8090398349558906,0.0
5,0.1392857142857143,0.9063058944592333,1.0
5,0.05357142857142856,0.8747670497362986,1.0
5,0.08214285714285714,0.9045340337332909,1.0
5,0.05357142857142857,0.9145291883606756,1.0
5,0.09642857142857145,0.9145291883606756,1.0
5,0.125,0.6179143806533247,0.0
5,0.06785714285714287,0.9629500128629354,0.0
5,0.11785714285714287,0.9358192003574066,1.0
5,0.13214285714285715,0.897549110408119,0.0
5,0.08928571428571427,0.9145291883606756,0.0
5,0.05357142857142856,0.9145291883606756,1.0
5,0.05357142857142857,0.9145291883606756,1.0
5,0.1464285714285714,0.6797294208444249,0.0
5,0.04642857142857143,0.9629500128629354,1.0
5,0.16071428571428573,0.8874245216579992,0.0
5,0.11071428571428572,0.9145291883606756,1.0
5,0.08214285714285717,0.9063058944592333,1.0
5,0.05357142857142858,0.9045340337332909,1.0
5,0.05357142857142856,0.8747670497362986,1.0
5,0.05357142857142857,0.9145291883606756,1.0
5,0.0964285714285714,0.8090398349558906,0.0
5,0.07500000000000002,0.9629500128629354,1.0
5,0.05357142857142858,0.9045340337332909,1.0
5,0.05357142857142857,0.9145291883606756,1.0
5,0.06785714285714285,0.9045340337332909,1.0
5,0.12500000000000003,0.8747670497362986,1.0
5,0.1392857142857143,0.5169078021169037,0.0
5,0.08214285714285714,0.9145291883606756,1.0
5,0.09642857142857143,0.8151238417997327,0.0
5,0.09642857142857143,0.9341987329938276,0.0
5,0.16071428571428573,0.8601512308077806,1.0
5,0.125,0.9341987329938276,1.0
5,0.06785714285714285,0.9349469900084572,1.0
5,0.05357142857142857,0.9145291883606756,1.0
5,0.11071428571428574,0.9063058944592333,1.0
5,0.0392857142857143,0.9045340337332909,1.0
5,0.1535714285714286,0.6179143806533247,0.0
5,0.13214285714285717,0.9063058944592333,1.0
5,0.11071428571428572,0.9629500128629354,1.0
5,0.05357142857142857,0.8747670497362986,1.0
5,0.05357142857142856,0.9629500128629354,0.0
5,0.12499999999999999,0.8747670497362986,1.0
5,0.09642857142857145,0.9145291883606756,1.0
5,0.06785714285714287,0.8747670497362986,1.0
5,0.1107142857142857,0.9045340337332909,1.0
5,0.09642857142857142,0.6741998624632421,0.0
5,0.08214285714285717,0.9063058944592333,1.0
5,0.1535714285714286,0.8442317648177381,1.0
5,0.024999999999999998,0.9045340337332909,1.0
5,0.11785714285714285,0.9629500128629354,1.0
5,0.10357142857142858,0.9349469900084572,1.0
5,0.06785714285714284,0.9145291883606756,1.0
5,0.03928571428571429,0.9629500128629354,1.0
5,0.06785714285714285,0.9045340337332909,1.0
5,0.08928571428571429,0.9723448696087955,1.0
5,0.13214285714285717,0.8601512308077806,1.0
5,0.06785714285714285,0.9349469900084572,1.0
5,0.09642857142857143,0.8747670497362986,1.0
5,0.08214285714285711,0.9045340337332909,1.0
5,0.024999999999999998,0.9045340337332909,1.0
5,0.06785714285714287,0.9629500128629354,0.0
5,0.06785714285714287,0.8747670497362986,1.0
5,0.1392857142857143,0.6381792281739725,0.0
5,0.07499999999999998,0.9723448696087955,1.0
5,0.05357142857142857,0.9145291883606756,1.0
5,0.03928571428571429,0.9629500128629354,1.0
5,0.08214285714285716,0.9349469900084572,1.0
5,0.125,0.9629500128629354,1.0
5,0.05357142857142859,0.9629500128629354,1.0
5,0.06785714285714284,0.9145291883606756,1.0
5,0.05357142857142856,0.9145291883606756,1.0
5,0.09642857142857143,0.5169078021169037,0.0
5,0.06785714285714287,0.8747670497362986,1.0
5,0.024999999999999998,0.9045340337332909,1.0
5,0.06785714285714285,0.9045340337332909,1.0
5,0.09642857142857143,0.8747670497362986,1.0
5,0.08214285714285714,0.9629500128629354,0.0
5,0.024999999999999998,0.9045340337332909,1.0
5,0.125,0.6741998624632421,0.0
5,0.08214285714285714,0.9145291883606756,1.0
5,0.08214285714285714,0.8442317648177381,1.0
5,0.05357142857142856,0.9145291883606756,1.0
5,0.04642857142857143,0.9629500128629354,1.0
5,0.03928571428571427,0.9145291883606756,1.0
5,0.1535714285714286,0.5393598899705937,0.0
5,0.1107142857142857,0.8090398349558906,0.0
5,0.125,0.8151238417997327,0.0
5,0.06785714285714285,0.9145291883606756,1.0
5,0.125,0.9063058944592333,1.0
5,0.08214285714285716,0.8442317648177381,1.0
5,0.08214285714285714,0.9145291883606756,1.0
5,0.06785714285714285,0.9349469900084572,1.0
5,0.09642857142857142,0.9045340337332909,1.0
5,0.12499999999999999,0.7977240352174657,0.0
5,0.11071428571428574,0.8442317648177381,1.0
5,0.12500000000000003,0.8747670497362986,1.0
5,0.1464285714285714,0.6797294208444249,0.0
5,0.125,0.6633249580710799,0.0
5,0.19642857142857142,0.5393598899705937,0.0
5,0.06785714285714287,0.8747670497362986,1.0
5,0.11071428571428572,0.9145291883606756,1.0
5,0.11071428571428572,0.8442317648177381,1.0
5,0.08928571428571429,0.9723448696087955,1.0
5,0.0392857142857143,0.9045340337332909,1.0
5,0.09642857142857143,0.6759563566144126,0.0
5,0.11071428571428574,0.5169078021169037,0.0
5,0.08214285714285714,0.8442317648177381,1.0
5,0.06785714285714287,0.8747670497362986,1.0
5,0.11071428571428574,0.9629500128629354,0.0
5,0.08214285714285716,0.8442317648177381,1.0
5,0.11071428571428572,0.9629500128629354,1.0
5,0.06785714285714287,0.8747670497362986,1.0
5,0.05357142857142857,0.9145291883606756,1.0
5,0.09642857142857142,0.9045340337332909,1.0
5,0.03928571428571427,0.9145291883606756,1.0
5,0.06785714285714287,0.8747670497362986,1.0
5,0.1107142857142857,0.8442317648177381,1.0
5,0.05357142857142857,0.8747670497362986,1.0
5,0.03928571428571427,0.9145291883606756,1.0
5,0.09642857142857142,0.8090398349558906,0.0
5,0.05357142857142857,0.8747670497362986,1.0
5,0.024999999999999998,0.9045340337332909,1.0
5,0.09642857142857145,0.6741998624632421,0.0
5,0.07499999999999998,0.9349469900084572,1.0
5,0.08214285714285716,0.9349469900084572,1.0
5,0.1392857142857143,0.9349469900084572,1.0
5,0.11071428571428574,0.5169078021169037,0.0
5,0.06785714285714287,0.9629500128629354,0.0
5,0.1392857142857143,0.6633249580710799,0.0
5,0.09642857142857145,0.6741998624632421,0.0
5,0.024999999999999998,0.9045340337332909,1.0
5,0.06785714285714287,0.9145291883606756,1.0
5,0.05357142857142856,0.9145291883606756,1.0
5,0.11071428571428572,0.8090398349558906,0.0
5,0.08214285714285714,0.9629500128629354,0.0
5,0.06785714285714285,0.9349469900084572,1.0
5,0.0392857142857143,0.9045340337332909,1.0
5,0.08214285714285716,0.9349469900084572,1.0
5,0.11071428571428572,0.8151238417997327,0.0
5,0.08214285714285714,0.8090398349558906,0.0
5,0.08928571428571427,0.9629500128629354,1.0
5,0.03928571428571427,0.9145291883606756,1.0
5,0.05357142857142856,0.8747670497362986,1.0
5,0.05357142857142859,0.9629500128629354,1.0
5,0.11785714285714285,0.9629500128629354,1.0
5,0.05357142857142856,0.9145291883606756,1.0
5,0.09642857142857142,0.9045340337332909,1.0
5,0.08214285714285717,0.9063058944592333,1.0
5,0.1535714285714286,0.764093177458341,0.0
5,0.1392857142857143,0.9251872672604672,0.0
5,0.09642857142857143,0.9629500128629354,1.0
5,0.08214285714285714,0.8747670497362986,1.0
5,0.075,0.9349469900084572,1.0
10,0.08214285714285714,0.9145291883606756,1.0
10,0.046428571428571416,0.9723448696087955,1.0
10,0.03928571428571429,0.9145291883606756,1.0
10,0.06785714285714287,0.9349469900084572,1.0
10,0.06785714285714287,0.8747670497362986,1.0
10,0.06785714285714287,0.9629500128629354,1.0
10,0.046428571428571416,0.9723448696087955,1.0
10,0.09642857142857145,0.6759563566144126,0.0
10,0.03928571428571429,0.9145291883606756,1.0
10,0.06785714285714287,0.9629500128629354,0.0
10,0.08214285714285714,0.8090398349558906,0.0
10,0.025000000000000015,0.9045340337332909,1.0
10,0.07499999999999998,0.9723448696087955,1.0
10,0.05357142857142857,0.8747670497362986,1.0
10,0.05357142857142857,0.9145291883606756,1.0
10,0.06071428571428572,0.9636363636363636,1.0
10,0.09642857142857142,0.9145291883606756,1.0
10,0.05357142857142856,0.9723448696087955,1.0
10,0.03928571428571429,0.9145291883606756,1.0
10,0.03928571428571429,0.9723448696087955,1.0
10,0.03928571428571427,0.8747670497362986,1.0
10,0.05357142857142858,0.8747670497362986,1.0
10,0.06785714285714288,0.9349469900084572,1.0
10,0.046428571428571416,0.9723448696087955,1.0
10,0.06785714285714285,0.9629500128629354,1.0
10,0.060714285714285714,1.0,1.0
10,0.06785714285714285,0.9629500128629354,1.0
10,0.125,0.5169078021169037,0.0
10,0.06785714285714285,0.9723448696087955,1.0
10,0.05357142857142857,0.9723448696087955,1.0
10,0.03928571428571429,0.8747670497362986,1.0
10,0.09642857142857143,0.8747670497362986,1.0
10,0.08214285714285714,0.8090398349558906,0.0
10,0.06785714285714287,0.9723448696087955,1.0
10,0.06785714285714285,0.9145291883606756,1.0
10,0.06785714285714287,0.9723448696087955,1.0
10,0.05357142857142858,0.9145291883606756,1.0
10,0.03928571428571427,0.9723448696087955,1.0
10,0.04642857142857142,0.9908673886137246,1.0
10,0.08214285714285716,0.9349469900084572,1.0
10,0.03928571428571427,0.8747670497362986,1.0
10,0.06071428571428571,0.9723448696087955,1.0
10,0.03928571428571429,0.9723448696087955,1.0
10,0.025000000000000015,0.9045340337332909,1.0
10,0.039285714285714306,0.8747670497362986,1.0
10,0.06785714285714287,0.9723448696087955,1.0
10,0.08214285714285716,0.9629500128629354,0.0
10,0.05357142857142856,0.8747670497362986,1.0
10,0.03214285714285714,0.9629500128629354,1.0
10,0.06785714285714287,0.8747670497362986,1.0
10,0.05357142857142857,0.9145291883606756,1.0
10,0.05357142857142858,0.9349469900084572,1.0
10,0.025000000000000005,0.9145291883606756,1.0
10,0.025000000000000015,0.9045340337332909,1.0
10,0.04642857142857142,1.0,1.0
10,0.046428571428571416,0.9723448696087955,1.0
10,0.025000000000000015,0.9045340337332909,1.0
10,0.04642857142857142,0.9723448696087955,1.0
10,0.08214285714285714,0.9723448696087955,1.0
10,0.0392857142857143,0.9045340337332909,1.0
10,0.05357142857142857,0.9145291883606756,1.0
10,0.03928571428571429,0.9145291883606756,1.0
10,0.06785714285714287,0.9723448696087955,1.0
10,0.06785714285714287,0.9145291883606756,1.0
10,0.03928571428571429,0.9723448696087955,1.0
10,0.03928571428571427,0.9145291883606756,1.0
10,0.06785714285714284,0.9723448696087955,1.0
10,0.06785714285714285,0.9723448696087955,1.0
10,0.05357142857142858,0.8747670497362986,1.0
10,0.11785714285714285,0.9636363636363636,1.0
10,0.08214285714285714,0.9045340337332909,1.0
10,0.06785714285714285,0.9723448696087955,1.0
10,0.05357142857142857,0.9723448696087955,1.0
10,0.08214285714285716,0.8090398349558906,0.0
10,0.06785714285714284,0.9145291883606756,1.0
10,0.053571428571428555,0.9723448696087955,1.0
10,0.05357142857142856,0.9629500128629354,0.0
10,0.06785714285714285,0.9349469900084572,1.0
10,0.060714285714285714,1.0,1.0
10,0.06785714285714287,0.8747670497362986,1.0
10,0.06785714285714287,0.9145291883606756,1.0
10,0.025000000000000005,0.9145291883606756,1.0
10,0.025000000000000005,0.9723448696087955,1.0
10,0.05357142857142857,0.9145291883606756,1.0
10,0.05357142857142857,0.9145291883606756,1.0
10,0.06785714285714285,0.9349469900084572,1.0
10,0.06785714285714287,0.9629500128629354,0.0
10,0.06785714285714287,0.9723448696087955,1.0
10,0.03928571428571429,0.9723448696087955,1.0
10,0.09642857142857145,0.9045340337332909,1.0
10,0.03928571428571427,0.9045340337332909,1.0
10,0.05357142857142856,0.9145291883606756,1.0
10,0.06785714285714287,0.9629500128629354,0.0
10,0.06785714285714287,0.8747670497362986,1.0
10,0.10357142857142858,0.9349469900084572,1.0
10,0.07499999999999998,0.9629500128629354,1.0
10,0.09642857142857142,0.8151238417997327,0.0
10,0.06785714285714287,0.9145291883606756,1.0
10,0.025000000000000015,0.9629500128629354,1.0
10,0.04642857142857144,0.9908673886137246,1.0
10,0.060714285714285714,0.9723448696087955,1.0
10,0.075,0.9723448696087955,1.0
10,0.08214285714285711,0.9629500128629354,1.0
10,0.06785714285714285,0.9723448696087955,1.0
10,0.05357142857142858,0.9629500128629354,1.0
10,0.08214285714285714,0.9063058944592333,1.0
10,0.03928571428571427,0.8747670497362986,1.0
10,0.05357142857142857,0.9145291883606756,1.0
10,0.05357142857142856,0.9629500128629354,1.0
10,0.05357142857142858,0.8747670497362986,1.0
10,0.05357142857142858,0.9145291883606756,1.0
10,0.032142857142857154,0.9908673886137246,1.0
10,0.06785714285714287,0.8747670497362986,1.0
10,0.10357142857142856,0.9723448696087955,1.0
10,0.06785714285714287,0.9349469900084572,1.0
10,0.08214285714285714,0.9349469900084572,1.0
10,0.02499999999999999,0.9145291883606756,1.0
10,0.08214285714285714,0.8151238417997327,0.0
10,0.03928571428571427,0.9145291883606756,1.0
10,0.03928571428571429,0.9349469900084572,1.0
10,0.03928571428571429,0.9629500128629354,1.0
10,0.08214285714285716,0.8747670497362986,1.0
10,0.06785714285714287,0.8747670497362986,1.0
10,0.025000000000000005,0.9145291883606756,1.0
10,0.06785714285714285,0.9145291883606756,1.0
10,0.08214285714285716,0.8151238417997327,0.0
10,0.025000000000000015,0.9629500128629354,1.0
10,0.05357142857142857,0.9145291883606756,1.0
10,0.11785714285714285,0.9723448696087955,1.0
10,0.06785714285714287,0.9723448696087955,1.0
10,0.0392857142857143,0.9045340337332909,1.0
10,0.08214285714285714,0.9349469900084572,1.0
10,0.03928571428571429,0.9145291883606756,1.0
10,0.06785714285714285,0.9145291883606756,1.0
10,0.05357142857142859,0.9349469900084572,1.0
10,0.03928571428571429,0.9145291883606756,1.0
10,0.07500000000000002,0.9723448696087955,1.0
10,0.04642857142857143,0.9349469900084572,1.0
10,0.053571428571428555,0.9145291883606756,1.0
10,0.05357142857142857,0.9349469900084572,1.0
10,0.08214285714285714,0.9145291883606756,1.0
10,0.03214285714285713,0.9723448696087955,1.0
10,0.08928571428571429,0.9063058944592333,1.0
10,0.08214285714285714,0.9349469900084572,1.0
10,0.06071428571428572,0.9636363636363636,1.0
10,0.08214285714285714,0.9629500128629354,0.0
10,0.10357142857142856,0.9145291883606756,0.0
10,0.03928571428571429,0.8747670497362986,1.0
10,0.025000000000000005,0.9145291883606756,1.0
10,0.03928571428571429,0.9349469900084572,1.0
10,0.024999999999999998,0.9045340337332909,1.0
10,0.025000000000000005,0.9145291883606756,1.0
10,0.05357142857142857,0.9145291883606756,1.0
10,0.06785714285714287,0.9349469900084572,1.0
10,0.05357142857142857,0.8747670497362986,1.0
10,0.08214285714285714,0.9145291883606756,1.0
10,0.10357142857142856,0.9358192003574066,1.0
10,0.03928571428571429,0.9723448696087955,1.0
10,0.06785714285714287,0.9063058944592333,1.0
10,0.0607142857142857,0.9723448696087955,1.0
10,0.05357142857142857,0.8747670497362986,1.0
10,0.06785714285714287,0.9145291883606756,1.0
10,0.03928571428571427,0.9723448696087955,1.0
10,0.05357142857142856,0.9349469900084572,1.0
10,0.06785714285714285,0.9045340337332909,1.0
10,0.039285714285714306,0.8747670497362986,1.0
10,0.08214285714285716,0.8747670497362986,1.0
10,0.06071428571428572,0.9908673886137246,1.0
10,0.07500000000000002,0.9908673886137246,1.0
10,0.05357142857142856,0.8747670497362986,1.0
10,0.03928571428571429,0.9723448696087955,1.0
10,0.053571428571428555,0.9145291883606756,1.0
10,0.05357142857142857,0.9723448696087955,1.0
10,0.025000000000000015,0.9629500128629354,1.0
10,0.0392857142857143,0.9045340337332909,1.0
10,0.05357142857142857,0.9723448696087955,1.0
10,0.05357142857142859,0.9349469900084572,1.0
10,0.06785714285714287,0.9723448696087955,1.0
10,0.075,0.9145291883606756,0.0
10,0.03928571428571427,0.9723448696087955,1.0
10,0.07500000000000002,0.9636363636363636,1.0
10,0.09642857142857143,0.8442317648177381,1.0
10,0.03214285714285713,0.9723448696087955,1.0
10,0.06785714285714287,0.8747670497362986,1.0
10,0.08214285714285716,0.9145291883606756,1.0
10,0.08214285714285714,0.9349469900084572,1.0
10,0.08214285714285716,0.9723448696087955,1.0
10,0.08928571428571429,1.0,1.0
10,0.06785714285714287,0.9349469900084572,1.0
10,0.08214285714285716,0.8747670497362986,1.0
10,0.05357142857142857,0.8747670497362986,1.0
10,0.05357142857142858,0.8747670497362986,1.0
10,0.06785714285714285,0.9145291883606756,1.0
10,0.09642857142857143,0.8151238417997327,0.0
10,0.06785714285714285,0.9723448696087955,1.0
10,0.03928571428571429,0.9145291883606756,1.0
10,0.03928571428571427,0.9723448696087955,1.0
10,0.05357142857142858,0.9629500128629354,0.0
10,0.060714285714285714,0.9723448696087955,1.0
10,0.0607142857142857,1.0,1.0
10,0.07500000000000002,0.9349469900084572,1.0
10,0.08214285714285716,0.8747670497362986,1.0
10,0.05357142857142858,0.9723448696087955,1.0
10,0.05357142857142856,0.9145291883606756,1.0
10,0.08928571428571429,0.9629500128629354,1.0
10,0.06785714285714287,0.8747670497362986,1.0
10,0.06785714285714287,0.9063058944592333,1.0
10,0.08214285714285714,0.9045340337332909,1.0
10,0.02499999999999999,0.9145291883606756,1.0
10,0.06785714285714285,0.9145291883606756,1.0
10,0.08214285714285714,0.9629500128629354,0.0
10,0.06785714285714287,0.9629500128629354,0.0
10,0.08928571428571429,0.9349469900084572,1.0
10,0.04642857142857144,0.9629500128629354,1.0
10,0.04642857142857142,0.9349469900084572,1.0
10,0.08214285714285714,0.9629500128629354,0.0
10,0.039285714285714306,0.9349469900084572,1.0
10,0.05357142857142859,0.9629500128629354,1.0
10,0.06785714285714285,0.9045340337332909,1.0
10,0.05357142857142857,0.9723448696087955,1.0
10,0.03928571428571429,0.8747670497362986,1.0
10,0.03928571428571429,0.9145291883606756,1.0
10,0.03928571428571429,0.9723448696087955,1.0
10,0.08214285714285714,0.9063058944592333,1.0
10,0.04642857142857143,0.9723448696087955,1.0
10,0.05357142857142857,0.9629500128629354,1.0
10,0.09642857142857142,0.9145291883606756,1.0
10,0.06785714285714285,0.9723448696087955,1.0
10,0.07499999999999998,0.9349469900084572,1.0
10,0.039285714285714306,0.9349469900084572,1.0
10,0.08214285714285714,0.9145291883606756,1.0
10,0.02499999999999999,0.9145291883606756,1.0
10,0.03928571428571429,0.9045340337332909,1.0
10,0.10357142857142856,0.9723448696087955,1.0
10,0.03928571428571427,0.9145291883606756,1.0
10,0.03928571428571429,0.9145291883606756,1.0
10,0.05357142857142857,0.9045340337332909,1.0
10,0.060714285714285714,1.0,1.0
10,0.05357142857142857,0.8747670497362986,1.0
10,0.08214285714285716,0.9349469900084572,1.0
10,0.10357142857142856,0.9908673886137246,1.0
10,0.07499999999999998,0.9723448696087955,1.0
10,0.03928571428571427,0.9349469900084572,1.0
10,0.06071428571428572,0.9629500128629354,1.0
10,0.03928571428571429,0.9045340337332909,1.0
10,0.05357142857142857,0.9349469900084572,1.0
10,0.06785714285714285,0.9349469900084572,1.0
10,0.03214285714285714,0.9908673886137246,1.0
10,0.08214285714285716,0.8747670497362986,1.0
10,0.03928571428571427,0.9349469900084572,1.0
10,0.05357142857142857,0.8747670497362986,1.0
10,0.05357142857142856,0.9045340337332909,1.0
10,0.06785714285714287,0.9349469900084572,1.0
10,0.06785714285714285,0.9349469900084572,1.0
10,0.03214285714285713,0.9723448696087955,1.0
10,0.09642857142857143,0.9341987329938276,0.0
10,0.07499999999999998,0.9349469900084572,1.0
10,0.06785714285714285,0.9145291883606756,1.0
10,0.05357142857142858,0.9723448696087955,1.0
10,0.05357142857142858,0.9145291883606756,1.0
10,0.05357142857142857,0.9145291883606756,1.0
10,0.03214285714285715,0.9723448696087955,1.0
10,0.05357142857142857,0.9349469900084572,1.0
10,0.03928571428571429,0.9145291883606756,1.0
10,0.03928571428571429,0.9145291883606756,1.0
10,0.07499999999999998,0.9723448696087955,1.0
10,0.05357142857142858,0.9629500128629354,1.0
10,0.06785714285714285,0.9145291883606756,1.0
10,0.024999999999999998,0.9629500128629354,1.0
10,0.06785714285714285,0.9145291883606756,1.0
10,0.11785714285714287,0.9629500128629354,1.0
10,0.05357142857142858,0.9723448696087955,1.0
10,0.08214285714285717,0.9349469900084572,1.0
10,0.11071428571428574,0.9063058944592333,0.0
10,0.05357142857142859,0.9349469900084572,1.0
10,0.05357142857142856,0.8747670497362986,1.0
10,0.03928571428571427,0.9349469900084572,1.0
10,0.08214285714285716,0.8747670497362986,1.0
10,0.04642857142857144,0.9349469900084572,1.0
10,0.05357142857142858,0.9145291883606756,1.0
10,0.02499999999999999,0.9723448696087955,1.0
10,0.11071428571428572,0.5169078021169037,0.0
10,0.03928571428571429,0.8747670497362986,1.0
10,0.05357142857142857,0.9723448696087955,1.0
10,0.03928571428571429,0.9045340337332909,1.0
10,0.03214285714285714,0.9629500128629354,1.0
10,0.05357142857142859,0.8747670497362986,1.0
10,0.039285714285714306,0.8747670497362986,1.0
10,0.10357142857142856,0.9358192003574066,1.0
10,0.09642857142857143,0.9063058944592333,1.0
10,0.03928571428571427,0.9723448696087955,1.0
10,0.07500000000000002,0.9349469900084572,1.0
10,0.06785714285714285,0.9145291883606756,1.0
10,0.04642857142857143,0.9908673886137246,1.0
10,0.08928571428571429,0.9636363636363636,1.0
10,0.024999999999999998,0.9045340337332909,1.0
10,0.05357142857142857,0.9349469900084572,1.0
10,0.04642857142857144,0.9723448696087955,1.0
10,0.08214285714285716,0.8747670497362986,1.0
10,0.10357142857142856,0.9723448696087955,1.0
20,0.03214285714285715,1.0,1.0
20,0.03214285714285713,1.0,1.0
20,0.01785714285714287,0.9908673886137246,1.0
20,0.025,0.9636363636363636,1.0
20,0.03214285714285713,1.0,1.0
20,0.025,0.9723448696087955,1.0
20,0.024999999999999998,0.9723448696087955,1.0
20,0.03928571428571429,0.9349469900084572,1.0
20,0.03928571428571427,0.9723448696087955,1.0
20,0.03214285714285715,1.0,1.0
20,0.025,0.9723448696087955,1.0
20,0.017857142857142856,0.9723448696087955,1.0
20,0.05357142857142856,1.0,1.0
20,0.04642857142857144,0.9349469900084572,1.0
20,0.039285714285714306,0.8747670497362986,1.0
20,0.039285714285714306,0.9723448696087955,1.0
20,0.04642857142857142,0.9723448696087955,1.0
20,0.025,0.9723448696087955,1.0
20,0.046428571428571444,0.9723448696087955,1.0
20,0.03928571428571429,0.9908673886137246,1.0
20,0.017857142857142853,0.9908673886137246,1.0
20,0.046428571428571444,0.9349469900084572,1.0
20,0.03928571428571429,1.0,1.0
20,0.032142857142857154,0.9636363636363636,1.0
20,0.03214285714285715,0.9723448696087955,1.0
20,0.03928571428571427,0.9145291883606756,1.0
20,0.05357142857142857,0.9629500128629354,1.0
20,0.03214285714285715,1.0,1.0
20,0.01785714285714286,1.0,1.0
20,0.025,0.9636363636363636,1.0
20,0.03214285714285715,0.9723448696087955,1.0
20,0.03214285714285716,0.9636363636363636,1.0
20,0.02499999999999999,1.0,1.0
20,0.025,0.9145291883606756,1.0
20,0.03928571428571427,0.9723448696087955,1.0
20,0.025,0.8747670497362986,1.0
20,0.024999999999999994,0.9636363636363636,1.0
20,0.046428571428571416,0.9723448696087955,1.0
20,0.03214285714285713,0.9723448696087955,1.0
20,0.025,0.9723448696087955,1.0
20,0.03928571428571429,0.9908673886137246,1.0
20,0.032142857142857126,0.9723448696087955,1.0
20,0.010714285714285716,1.0,1.0
20,0.03214285714285713,0.9723448696087955,1.0
20,0.03928571428571429,0.9349469900084572,1.0
20,0.025000000000000005,1.0,1.0
20,0.032142857142857154,0.9723448696087955,1.0
20,0.03928571428571429,1.0,1.0
20,0.0035714285714285718,0.9723448696087955,1.0
20,0.03214285714285715,0.9145291883606756,1.0
20,0.03214285714285715,0.9045340337332909,1.0
20,0.017857142857142856,0.9723448696087955,1.0
20,0.03928571428571429,0.9636363636363636,1.0
20,0.03214285714285715,0.9723448696087955,1.0
20,0.025,0.9636363636363636,1.0
20,0.03928571428571427,0.9629500128629354,1.0
20,0.04642857142857143,0.9723448696087955,1.0
20,0.010714285714285713,0.9723448696087955,1.0
20,0.02499999999999999,1.0,1.0
20,0.010714285714285713,1.0,1.0
20,0.06785714285714287,0.9045340337332909,1.0
20,0.04642857142857142,0.9723448696087955,1.0
20,0.024999999999999998,0.9629500128629354,1.0
20,0.03214285714285714,0.9145291883606756,1.0
20,0.02499999999999999,1.0,1.0
20,0.06071428571428571,0.9723448696087955,1.0
20,0.03214285714285715,1.0,1.0
20,0.032142857142857154,0.9723448696087955,1.0
20,0.025000000000000015,0.9629500128629354,1.0
20,0.025,1.0,1.0
20,0.03214285714285713,1.0,1.0
20,0.01785714285714287,0.9908673886137246,1.0
20,0.03928571428571427,1.0,1.0
20,0.03214285714285713,0.9723448696087955,1.0
20,0.04642857142857142,0.9349469900084572,1.0
20,0.01071428571428572,0.9629500128629354,1.0
20,0.04642857142857142,1.0,1.0
20,0.024999999999999994,0.9723448696087955,1.0
20,0.01071428571428572,1.0,1.0
20,0.01071428571428572,0.9908673886137246,1.0
20,0.01785714285714285,1.0,1.0
20,0.075,0.9629500128629354,0.0
20,0.03214285714285715,0.9723448696087955,1.0
20,0.024999999999999994,0.9723448696087955,1.0
20,0.010714285714285713,1.0,1.0
20,0.025,1.0,1.0
20,0.025000000000000012,1.0,1.0
20,0.032142857142857126,0.9723448696087955,1.0
20,0.05357142857142857,0.9723448696087955,1.0
20,0.024999999999999994,1.0,1.0
20,0.03214285714285713,1.0,1.0
20,0.046428571428571444,0.9349469900084572,1.0
20,0.04642857142857144,0.9636363636363636,1.0
20,0.05357142857142857,0.9145291883606756,1.0
20,0.025,1.0,1.0
20,0.025,0.9723448696087955,1.0
20,0.025,0.9629500128629354,1.0
20,0.017857142857142853,1.0,1.0
20,0.05357142857142857,1.0,1.0
20,0.03214285714285714,1.0,1.0
20,0.025,1.0,1.0
20,0.03928571428571427,1.0,1.0
20,0.025,0.9145291883606756,1.0
20,0.01785714285714287,0.9636363636363636,1.0
20,0.017857142857142846,1.0,1.0
20,0.046428571428571416,0.9145291883606756,1.0
20,0.025,0.9349469900084572,1.0
20,0.01071428571428572,1.0,1.0
20,0.025000000000000005,0.9723448696087955,1.0
20,0.03928571428571427,0.9723448696087955,1.0
20,0.05357142857142859,0.9636363636363636,1.0
20,0.03928571428571427,0.9723448696087955,1.0
20,0.017857142857142853,0.9723448696087955,1.0
20,0.024999999999999998,0.9045340337332909,1.0
20,0.017857142857142853,1.0,1.0
20,0.024999999999999994,1.0,1.0
20,0.03928571428571427,0.9723448696087955,1.0
20,0.04642857142857143,0.9629500128629354,0.0
20,0.03214285714285714,0.9723448696087955,1.0
20,0.025,0.9723448696087955,1.0
20,0.01785714285714287,0.9629500128629354,1.0
20,0.03928571428571428,1.0,1.0
20,0.06071428571428572,0.9145291883606756,1.0
20,0.01785714285714286,0.9723448696087955,1.0
20,0.01071428571428572,1.0,1.0
20,0.032142857142857154,0.9145291883606756,1.0
20,0.05357142857142857,0.9145291883606756,1.0
20,0.04642857142857145,0.9349469900084572,1.0
20,0.03928571428571429,0.9629500128629354,1.0
20,0.06071428571428571,0.9636363636363636,1.0
20,0.03214285714285713,0.9908673886137246,1.0
20,0.01785714285714285,0.9723448696087955,1.0
20,0.04642857142857144,0.9349469900084572,1.0
20,0.017857142857142867,0.9045340337332909,1.0
20,0.03928571428571427,0.9629500128629354,1.0
20,0.05357142857142858,0.9349469900084572,1.0
20,0.0392857142857143,0.9636363636363636,1.0
20,0.032142857142857154,0.9636363636363636,1.0
20,0.010714285714285704,0.9723448696087955,1.0
20,0.04642857142857142,0.9636363636363636,1.0
20,0.03928571428571429,0.9636363636363636,1.0
20,0.05357142857142857,0.9145291883606756,1.0
20,0.025,0.9723448696087955,1.0
20,0.03928571428571429,1.0,1.0
20,0.04642857142857143,1.0,1.0
20,0.025000000000000012,0.9349469900084572,1.0
20,0.02499999999999999,0.9723448696087955,1.0
20,0.03928571428571427,0.9723448696087955,1.0
20,0.03214285714285715,0.9349469900084572,1.0
20,0.01785714285714287,0.9629500128629354,1.0
20,0.032142857142857154,0.9349469900084572,1.0
20,0.017857142857142853,1.0,1.0
20,0.06785714285714287,0.9723448696087955,1.0
20,0.0035714285714285718,1.0,1.0
20,0.01785714285714286,0.9636363636363636,1.0
20,0.039285714285714306,0.9349469900084572,1.0
20,0.025000000000000012,0.9349469900084572,1.0
20,0.025,0.9723448696087955,1.0
20,0.05357142857142856,0.9723448696087955,1.0
20,0.032142857142857154,0.8747670497362986,1.0
20,0.03214285714285715,0.9723448696087955,1.0
20,0.01785714285714287,0.9629500128629354,1.0
20,0.03928571428571427,0.9629500128629354,1.0
20,0.03214285714285715,0.9629500128629354,1.0
20,0.03214285714285713,0.9636363636363636,1.0
20,0.03214285714285715,0.9723448696087955,1.0
20,0.03928571428571429,0.9349469900084572,1.0
20,0.04642857142857144,1.0,1.0
20,0.04642857142857145,0.9636363636363636,1.0
20,0.024999999999999994,0.9145291883606756,1.0
20,0.025,1.0,1.0
20,0.017857142857142846,1.0,1.0
20,0.032142857142857126,0.9723448696087955,1.0
20,0.04642857142857142,0.9145291883606756,1.0
20,0.017857142857142867,0.9723448696087955,1.0
20,0.010714285714285713,1.0,1.0
20,0.01785714285714286,0.9723448696087955,1.0
20,0.04642857142857144,0.9349469900084572,1.0
20,0.03928571428571427,0.9723448696087955,1.0
20,0.025,0.9908673886137246,1.0
20,0.025000000000000005,0.9145291883606756,1.0
20,0.01785714285714287,0.9908673886137246,1.0
20,0.025000000000000005,0.9145291883606756,1.0
20,0.05357142857142859,0.9636363636363636,1.0
20,0.0392857142857143,0.9349469900084572,1.0
20,0.01785714285714286,0.9349469900084572,1.0
20,0.03928571428571429,0.9629500128629354,1.0
20,0.03214285714285715,0.9723448696087955,1.0
20,0.03928571428571429,0.9723448696087955,1.0
20,0.025,1.0,1.0
20,0.017857142857142846,1.0,1.0
20,0.03928571428571427,0.9723448696087955,1.0
20,0.017857142857142867,0.9629500128629354,1.0
20,0.025000000000000012,0.9636363636363636,1.0
20,0.032142857142857154,0.9636363636363636,1.0
20,0.017857142857142853,0.9723448696087955,1.0
20,0.03928571428571429,0.9349469900084572,1.0
20,0.03928571428571427,0.9723448696087955,1.0
20,0.060714285714285714,1.0,1.0
20,0.03214285714285713,0.9145291883606756,1.0
20,0.03928571428571427,0.9723448696087955,1.0
20,0.04642857142857142,0.9636363636363636,1.0
20,0.017857142857142846,1.0,1.0
20,0.03928571428571427,0.9045340337332909,1.0
20,0.03214285714285713,0.9145291883606756,1.0
20,0.03928571428571429,0.9629500128629354,1.0
20,0.03928571428571427,0.9723448696087955,1.0
20,0.060714285714285714,0.9349469900084572,1.0
20,0.025000000000000012,0.9636363636363636,1.0
20,0.04642857142857143,0.9349469900084572,1.0
20,0.017857142857142853,0.9629500128629354,1.0
20,0.03928571428571429,1.0,1.0
20,0.03214285714285713,1.0,1.0
20,0.032142857142857154,0.9636363636363636,1.0
20,0.03928571428571429,0.9723448696087955,1.0
20,0.024999999999999998,0.9629500128629354,1.0
20,0.017857142857142856,1.0,1.0
20,0.0392857142857143,0.9349469900084572,1.0
20,0.010714285714285716,0.9723448696087955,1.0
20,0.02499999999999999,0.9723448696087955,1.0
20,0.01785714285714286,0.9636363636363636,1.0
20,0.024999999999999998,0.9045340337332909,1.0
20,0.024999999999999988,0.9723448696087955,1.0
20,0.025,0.9145291883606756,1.0
20,0.03214285714285715,0.9636363636363636,1.0
20,0.03214285714285715,1.0,1.0
20,0.05357142857142859,0.9349469900084572,1.0
20,0.025,0.9723448696087955,1.0
20,0.05357142857142858,0.9349469900084572,1.0
20,0.03928571428571429,0.9636363636363636,1.0
20,0.05357142857142856,0.9723448696087955,1.0
20,0.03928571428571427,0.9723448696087955,1.0
20,0.04642857142857144,0.9349469900084572,1.0
20,0.03928571428571429,0.9723448696087955,1.0
20,0.024999999999999994,0.9723448696087955,1.0
20,0.01071428571428572,0.9908673886137246,1.0
20,0.06071428571428572,0.8747670497362986,1.0
20,0.03214285714285713,0.8747670497362986,1.0
20,0.032142857142857154,0.9629500128629354,1.0
20,0.025000000000000012,0.9349469900084572,1.0
20,0.025,0.9636363636363636,1.0
20,0.05357142857142856,1.0,1.0
20,0.01785714285714286,0.9723448696087955,1.0
20,0.03928571428571429,0.9636363636363636,1.0
20,0.017857142857142867,0.9723448696087955,1.0
20,0.04642857142857142,1.0,1.0
20,0.060714285714285714,0.9723448696087955,1.0
20,0.01785714285714287,0.9629500128629354,1.0
20,0.01785714285714287,0.9629500128629354,1.0
20,0.03928571428571428,1.0,1.0
20,0.017857142857142856,0.9145291883606756,1.0
20,0.017857142857142867,0.9723448696087955,1.0
20,0.01785714285714287,0.9908673886137246,1.0
20,0.04642857142857142,0.9145291883606756,1.0
20,0.05357142857142857,0.9349469900084572,1.0
20,0.024999999999999994,0.9723448696087955,1.0
20,0.025,1.0,1.0
20,0.05357142857142857,1.0,1.0
20,0.04642857142857143,1.0,1.0
20,0.024999999999999994,1.0,1.0
20,0.03214285714285713,0.9723448696087955,1.0
20,0.025,0.9349469900084572,1.0
20,0.01785714285714287,0.9636363636363636,1.0
20,0.01785714285714286,0.9636363636363636,1.0
20,0.03928571428571427,0.9723448696087955,1.0
20,0.0392857142857143,0.9349469900084572,1.0
20,0.03214285714285715,0.9349469900084572,1.0
20,0.03214285714285713,1.0,1.0
20,0.010714285714285716,0.9723448696087955,1.0
20,0.03928571428571429,0.9723448696087955,1.0
20,0.03214285714285715,0.9636363636363636,1.0
20,0.03214285714285713,1.0,1.0
20,0.032142857142857126,0.9723448696087955,1.0
20,0.03214285714285713,0.9723448696087955,1.0
20,0.017857142857142856,0.9723448696087955,1.0
20,0.03928571428571429,0.9145291883606756,1.0
20,0.025000000000000012,0.9723448696087955,1.0
20,0.01785714285714286,0.9349469900084572,1.0
20,0.05357142857142857,0.9723448696087955,1.0
20,0.01785714285714287,0.9349469900084572,1.0
20,0.024999999999999994,1.0,1.0
20,0.025,0.9723448696087955,1.0
20,0.03214285714285713,1.0,1.0
20,0.05357142857142857,1.0,1.0
20,0.01785714285714287,0.9636363636363636,1.0
20,0.025000000000000005,0.9145291883606756,1.0
20,0.032142857142857154,0.9349469900084572,1.0
20,0.01785714285714285,1.0,1.0
20,0.03928571428571427,0.9723448696087955,1.0
20,0.017857142857142867,0.9045340337332909,1.0
20,0.025,1.0,1.0
20,0.03214285714285715,0.9723448696087955,1.0
20,0.06071428571428573,0.9349469900084572,1.0
20,0.01785714285714285,0.9723448696087955,1.0
20,0.04642857142857144,0.9349469900084572,1.0
20,0.03214285714285714,1.0,1.0
20,0.017857142857142846,1.0,1.0
20,0.039285714285714306,1.0,1.0
20,0.053571428571428596,0.8747670497362986,1.0
20,0.03214285714285715,0.8747670497362986,1.0
30,0.008333333333333323,1.0,1.0
30,0.027380952380952367,1.0,1.0
30,0.022619047619047622,0.9636363636363636,1.0
30,0.02500000000000002,0.8747670497362986,1.0
30,0.017857142857142846,1.0,1.0
30,0.022619047619047622,1.0,1.0
30,0.015476190476190473,0.9629500128629354,1.0
30,0.01785714285714286,1.0,1.0
30,0.02738095238095239,1.0,1.0
30,0.010714285714285721,0.9723448696087955,1.0
30,0.027380952380952374,1.0,1.0
30,0.01785714285714286,1.0,1.0
30,0.022619047619047622,0.9636363636363636,1.0
30,0.01547619047619048,0.9723448696087955,1.0
30,0.03452380952380953,0.9349469900084572,1.0
30,0.017857142857142853,0.9636363636363636,1.0
30,0.015476190476190489,0.9723448696087955,1.0
30,0.017857142857142853,1.0,1.0
30,0.022619047619047615,0.9908673886137246,1.0
30,0.010714285714285704,0.9723448696087955,1.0
30,0.022619047619047605,0.9723448696087955,1.0
30,0.0130952380952381,1.0,1.0
30,0.015476190476190473,0.9629500128629354,1.0
30,0.017857142857142853,0.9908673886137246,1.0
30,0.01547619047619048,0.9723448696087955,1.0
30,0.017857142857142846,1.0,1.0
30,0.00833333333333334,1.0,1.0
30,0.01071428571428572,0.9723448696087955,1.0
30,0.00833333333333334,1.0,1.0
30,0.03690476190476192,0.9636363636363636,1.0
30,0.022619047619047615,1.0,1.0
30,0.02261904761904763,1.0,1.0
30,0.025000000000000012,0.9349469900084572,1.0
30,0.01785714285714287,1.0,1.0
30,0.020238095238095256,0.9349469900084572,1.0
30,0.017857142857142853,0.9908673886137246,1.0
30,0.024999999999999994,0.9629500128629354,1.0
30,0.00833333333333334,1.0,1.0
30,0.008333333333333325,1.0,1.0
30,0.02261904761904761,0.9723448696087955,1.0
30,0.022619047619047622,0.9636363636363636,1.0
30,0.008333333333333323,1.0,1.0
30,0.013095238095238085,1.0,1.0
30,0.01785714285714286,1.0,1.0
30,0.013095238095238092,0.9908673886137246,1.0
30,0.020238095238095243,0.9723448696087955,1.0
30,0.0130952380952381,1.0,1.0
30,0.020238095238095225,0.9723448696087955,1.0
30,0.013095238095238085,1.0,1.0
30,0.008333333333333323,1.0,1.0
30,0.027380952380952374,1.0,1.0
30,0.02261904761904763,1.0,1.0
30,0.022619047619047615,0.9636363636363636,1.0
30,0.017857142857142853,1.0,1.0
30,0.013095238095238092,0.9908673886137246,1.0
30,0.027380952380952374,1.0,1.0
30,0.01785714285714287,0.9636363636363636,1.0
30,0.013095238095238085,1.0,1.0
30,0.017857142857142846,0.9723448696087955,1.0
30,0.029761904761904764,0.9723448696087955,1.0
30,0.0130952380952381,1.0,1.0
30,0.0369047619047619,0.9636363636363636,1.0
30,0.02738095238095239,0.9636363636363636,1.0
30,0.020238095238095243,0.9723448696087955,1.0
30,0.008333333333333323,1.0,1.0
30,0.02023809523809525,0.9723448696087955,1.0
30,0.022619047619047622,0.9636363636363636,1.0
30,0.029761904761904757,0.9723448696087955,1.0
30,0.020238095238095256,0.9349469900084572,1.0
30,0.02261904761904762,0.9629500128629354,1.0
30,0.022619047619047605,1.0,1.0
30,0.00833333333333334,1.0,1.0
30,0.013095238095238092,0.9908673886137246,1.0
30,0.013095238095238085,1.0,1.0
30,0.00833333333333334,1.0,1.0
30,0.00833333333333334,1.0,1.0
30,0.032142857142857154,0.9723448696087955,1.0
30,0.022619047619047605,1.0,1.0
30,0.02976190476190477,0.9723448696087955,1.0
30,0.01547619047619048,0.9723448696087955,1.0
30,0.00833333333333334,1.0,1.0
30,0.032142857142857154,0.9636363636363636,1.0
30,0.01547619047619048,0.9723448696087955,1.0
30,0.017857142857142853,0.9636363636363636,1.0
30,0.013095238095238108,0.9908673886137246,1.0
30,0.008333333333333323,1.0,1.0
30,0.013095238095238092,0.9908673886137246,1.0
30,0.013095238095238085,1.0,1.0
30,0.027380952380952367,1.0,1.0
30,0.029761904761904764,0.9723448696087955,1.0
30,0.00833333333333334,1.0,1.0
30,0.017857142857142846,1.0,1.0
30,0.008333333333333323,1.0,1.0
30,0.02261904761904763,0.9636363636363636,1.0
30,0.017857142857142853,1.0,1.0
30,0.017857142857142877,0.9636363636363636,1.0
30,0.017857142857142853,0.9636363636363636,1.0
30,0.01547619047619048,0.9723448696087955,1.0
30,0.022619047619047622,0.9636363636363636,1.0
30,0.01785714285714287,1.0,1.0
30,0.0130952380952381,1.0,1.0
30,0.015476190476190473,0.9629500128629354,1.0
30,0.013095238095238092,0.9908673886137246,1.0
30,0.022619047619047615,0.9636363636363636,1.0
30,0.013095238095238087,0.9723448696087955,1.0
30,0.022619047619047622,1.0,1.0
30,0.03214285714285713,1.0,1.0
30,0.027380952380952374,0.9636363636363636,1.0
30,0.01785714285714286,1.0,1.0
30,0.02738095238095239,1.0,1.0
30,0.022619047619047615,0.9636363636363636,1.0
30,0.013095238095238085,1.0,1.0
30,0.013095238095238085,1.0,1.0
30,0.02023809523809525,0.9349469900084572,1.0
30,0.008333333333333325,1.0,1.0
30,0.020238095238095232,0.9349469900084572,1.0
30,0.027380952380952374,0.9723448696087955,1.0
30,0.022619047619047622,0.9636363636363636,1.0
30,0.022619047619047605,1.0,1.0
30,0.017857142857142853,1.0,1.0
30,0.020238095238095243,0.9723448696087955,1.0
30,0.02261904761904763,1.0,1.0
30,0.0130952380952381,1.0,1.0
30,0.025,0.9723448696087955,1.0
30,0.022619047619047622,0.9636363636363636,1.0
30,0.008333333333333323,1.0,1.0
30,0.022619047619047605,1.0,1.0
30,0.022619047619047605,1.0,1.0
30,0.027380952380952367,1.0,1.0
30,0.01785714285714287,1.0,1.0
30,0.0130952380952381,1.0,1.0
30,0.022619047619047605,1.0,1.0
30,0.020238095238095225,0.9723448696087955,1.0
30,0.0130952380952381,1.0,1.0
30,0.027380952380952374,1.0,1.0
30,0.020238095238095232,0.9629500128629354,1.0
30,0.02023809523809525,0.9723448696087955,1.0
30,0.013095238095238085,1.0,1.0
30,0.01785714285714286,1.0,1.0
30,0.017857142857142853,0.9908673886137246,1.0
30,0.022619047619047615,1.0,1.0
30,0.029761904761904757,0.9723448696087955,1.0
30,0.015476190476190473,0.9723448696087955,1.0
30,0.025,0.9723448696087955,1.0
30,0.01547619047619048,0.9723448696087955,1.0
30,0.03928571428571429,0.9045340337332909,1.0
30,0.017857142857142853,0.9908673886137246,1.0
30,0.022619047619047615,1.0,1.0
30,0.01785714285714286,1.0,1.0
30,0.02738095238095239,0.9723448696087955,1.0
30,0.022619047619047622,1.0,1.0
30,0.03452380952380954,0.9349469900084572,1.0
30,0.015476190476190482,0.9723448696087955,1.0
30,0.01785714285714286,1.0,1.0
30,0.01785714285714287,0.9908673886137246,1.0
30,0.03928571428571429,0.9723448696087955,1.0
30,0.013095238095238085,1.0,1.0
30,0.027380952380952374,0.9908673886137246,1.0
30,0.010714285714285706,0.9723448696087955,1.0
30,0.022619047619047622,1.0,1.0
30,0.008333333333333325,1.0,1.0
30,0.013095238095238092,1.0,1.0
30,0.022619047619047605,1.0,1.0
30,0.0130952380952381,1.0,1.0
30,0.025000000000000012,0.8747670497362986,1.0
30,0.017857142857142877,0.9636363636363636,1.0
30,0.02738095238095239,0.9636363636363636,1.0
30,0.015476190476190489,0.9629500128629354,1.0
30,0.015476190476190473,0.9629500128629354,1.0
30,0.0130952380952381,1.0,1.0
30,0.03214285714285715,0.9636363636363636,1.0
30,0.013095238095238108,1.0,1.0
30,0.025000000000000012,0.9723448696087955,1.0
30,0.0130952380952381,1.0,1.0
30,0.01547619047619048,0.9723448696087955,1.0
30,0.017857142857142846,1.0,1.0
30,0.013095238095238108,1.0,1.0
30,0.027380952380952398,0.9636363636363636,1.0
30,0.01785714285714287,0.9636363636363636,1.0
30,0.0130952380952381,1.0,1.0
30,0.0130952380952381,1.0,1.0
30,0.017857142857142853,0.9908673886137246,1.0
30,0.03690476190476192,0.9908673886137246,1.0
30,0.01785714285714287,0.9908673886137246,1.0
30,0.0130952380952381,1.0,1.0
30,0.022619047619047605,1.0,1.0
30,0.013095238095238092,0.9908673886137246,1.0
30,0.013095238095238085,1.0,1.0
30,0.01785714285714287,0.9636363636363636,1.0
30,0.013095238095238085,1.0,1.0
30,0.022619047619047615,0.9636363636363636,1.0
30,0.013095238095238108,1.0,1.0
30,0.020238095238095243,0.9723448696087955,1.0
30,0.022619047619047605,1.0,1.0
30,0.008333333333333325,1.0,1.0
30,0.013095238095238085,1.0,1.0
30,0.013095238095238092,1.0,1.0
30,0.01785714285714286,1.0,1.0
30,0.017857142857142853,0.9908673886137246,1.0
30,0.034523809523809526,0.9723448696087955,1.0
30,0.02976190476190477,0.9723448696087955,1.0
30,0.022619047619047615,1.0,1.0
30,0.01071428571428572,0.9723448696087955,1.0
30,0.025000000000000012,0.9723448696087955,1.0
30,0.01785714285714286,0.9636363636363636,1.0
30,0.01071428571428572,0.9723448696087955,1.0
30,0.027380952380952374,1.0,1.0
30,0.027380952380952367,1.0,1.0
30,0.02023809523809525,0.9629500128629354,1.0
30,0.017857142857142853,0.9636363636363636,1.0
30,0.008333333333333323,1.0,1.0
30,0.013095238095238092,1.0,1.0
30,0.01785714285714287,1.0,1.0
30,0.029761904761904764,0.9723448696087955,1.0
30,0.027380952380952367,1.0,1.0
30,0.01785714285714286,1.0,1.0
30,0.013095238095238085,1.0,1.0
30,0.025000000000000012,0.9723448696087955,1.0
30,0.029761904761904746,0.9723448696087955,1.0
30,0.029761904761904764,0.9349469900084572,1.0
30,0.0130952380952381,1.0,1.0
30,0.01785714285714286,0.9636363636363636,1.0
30,0.013095238095238108,0.9908673886137246,1.0
30,0.01071428571428572,0.9723448696087955,1.0
30,0.027380952380952374,1.0,1.0
30,0.013095238095238085,1.0,1.0
30,0.01785714285714286,1.0,1.0
30,0.020238095238095232,0.9349469900084572,1.0
30,0.01785714285714286,1.0,1.0
30,0.013095238095238108,0.9908673886137246,1.0
30,0.013095238095238092,0.9908673886137246,1.0
30,0.013095238095238085,1.0,1.0
30,0.029761904761904764,0.9723448696087955,1.0
30,0.0130952380952381,1.0,1.0
30,0.02261904761904763,1.0,1.0
30,0.01547619047619048,0.9723448696087955,1.0
30,0.02500000000000002,0.9349469900084572,1.0
30,0.01785714285714286,0.9636363636363636,1.0
30,0.0130952380952381,1.0,1.0
30,0.008333333333333325,1.0,1.0
30,0.017857142857142846,1.0,1.0
30,0.022619047619047605,1.0,1.0
30,0.020238095238095225,0.9723448696087955,1.0
30,0.022619047619047622,0.9636363636363636,1.0
30,0.02261904761904764,0.9636363636363636,1.0
30,0.027380952380952384,0.9636363636363636,1.0
30,0.013095238095238108,0.9908673886137246,1.0
30,0.0130952380952381,1.0,1.0
30,0.017857142857142846,1.0,1.0
30,0.008333333333333323,1.0,1.0
30,0.017857142857142846,1.0,1.0
30,0.027380952380952367,1.0,1.0
30,0.020238095238095232,0.9629500128629354,1.0
30,0.008333333333333325,1.0,1.0
30,0.013095238095238092,0.9908673886137246,1.0
30,0.029761904761904764,0.9723448696087955,1.0
30,0.008333333333333323,1.0,1.0
30,0.027380952380952374,1.0,1.0
30,0.02023809523809525,0.9723448696087955,1.0
30,0.022619047619047615,0.9908673886137246,1.0
30,0.013095238095238108,0.9908673886137246,1.0
30,0.027380952380952384,1.0,1.0
30,0.03214285714285713,1.0,1.0
30,0.022619047619047605,1.0,1.0
30,0.01785714285714287,1.0,1.0
30,0.013095238095238085,1.0,1.0
30,0.020238095238095256,0.9349469900084572,1.0
30,0.01785714285714286,1.0,1.0
30,0.013095238095238085,1.0,1.0
30,0.02261904761904763,0.9636363636363636,1.0
30,0.015476190476190489,0.9629500128629354,1.0
30,0.027380952380952367,1.0,1.0
30,0.032142857142857154,1.0,1.0
30,0.017857142857142846,1.0,1.0
30,0.022619047619047615,0.9636363636363636,1.0
30,0.027380952380952367,1.0,1.0
30,0.02023809523809525,0.9349469900084572,1.0
30,0.027380952380952374,0.9723448696087955,1.0
30,0.015476190476190473,0.9629500128629354,1.0
30,0.013095238095238108,0.9908673886137246,1.0
30,0.022619047619047622,0.9636363636363636,1.0
30,0.013095238095238108,1.0,1.0
30,0.00833333333333334,1.0,1.0
30,0.013095238095238085,1.0,1.0
30,0.02261904761904763,0.9636363636363636,1.0
30,0.013095238095238085,1.0,1.0
30,0.01785714285714287,0.9636363636363636,1.0
30,0.01547619047619048,0.9723448696087955,1.0
30,0.01785714285714286,1.0,1.0
30,0.01785714285714287,0.9908673886137246,1.0
30,0.017857142857142867,0.9723448696087955,1.0
30,0.017857142857142877,0.9636363636363636,1.0
30,0.02023809523809525,0.9723448696087955,1.0
30,0.01785714285714286,1.0,1.0
30,0.013095238095238085,1.0,1.0
30,0.013095238095238092,0.9908673886137246,1.0
30,0.017857142857142846,1.0,1.0
30,0.022619047619047605,1.0,1.0
30,0.01785714285714286,0.9636363636363636,1.0
30,0.015476190476190465,0.9723448696087955,1.0
