family,budget,cond,n,success,lo,hi,tokens
facts,2000,B2,40,0.675,0.525,0.825,1965.45
facts,2000,OURS-T,40,0.625,0.475,0.775,1850.4
facts,2000,OURS-native,40,0.625,0.475,0.775,1847.375
facts,8000,B2,40,0.675,0.525,0.825,2980.675
facts,8000,OURS-T,40,0.625,0.475,0.775,2039.375
facts,8000,OURS-native,40,0.625,0.475,0.775,2031.675
history,2000,B2,40,0.975,0.925,1.0,1968.425
history,2000,OURS-T,40,1.0,1.0,1.0,1970.525
history,2000,OURS-native,40,1.0,1.0,1.0,1985.325
history,8000,B2,40,0.975,0.925,1.0,2734.75
history,8000,OURS-T,40,0.975,0.925,1.0,2527.0
history,8000,OURS-native,40,0.975,0.925,1.0,2569.875
tool,2000,B2,40,0.9,0.8,0.975,1966.375
tool,2000,OURS-T,40,0.925,0.825,1.0,1905.725
tool,2000,OURS-native,40,0.925,0.825,1.0,1850.2
tool,8000,B2,40,0.9,0.8,0.975,4231.775
tool,8000,OURS-T,40,0.925,0.825,1.0,2820.7
tool,8000,OURS-native,40,0.925,0.825,1.0,2491.175
